method_left,method_right,common_variant_groups,spearman_rank_correlation,top50_overlap
rasch_equal_board,rasch_equal_board,147,1.0,50
rasch_equal_board,twopl_equal_board,147,0.99853,50
rasch_equal_board,percentile_mean_equal_board,147,0.98958,46
rasch_equal_board,percentile_median_equal_board,147,0.98917,48
rasch_equal_board,global_family_percentile,147,0.96034,45
rasch_equal_board,rasch_sparse_item_sensitivity,147,0.99996,50
rasch_equal_board,rasch_dense_item_sensitivity,147,0.99978,49
twopl_equal_board,twopl_equal_board,147,1.0,50
twopl_equal_board,percentile_mean_equal_board,147,0.98974,46
twopl_equal_board,percentile_median_equal_board,147,0.99007,48
twopl_equal_board,global_family_percentile,147,0.95943,45
twopl_equal_board,rasch_sparse_item_sensitivity,147,0.99855,50
twopl_equal_board,rasch_dense_item_sensitivity,147,0.99841,49
percentile_mean_equal_board,percentile_mean_equal_board,147,1.0,50
percentile_mean_equal_board,percentile_median_equal_board,147,0.99726,48
percentile_mean_equal_board,global_family_percentile,147,0.98372,48
percentile_mean_equal_board,rasch_sparse_item_sensitivity,147,0.98969,46
percentile_mean_equal_board,rasch_dense_item_sensitivity,147,0.98865,45
percentile_median_equal_board,percentile_median_equal_board,147,1.0,50
percentile_median_equal_board,global_family_percentile,147,0.98187,46
percentile_median_equal_board,rasch_sparse_item_sensitivity,147,0.9893,48
percentile_median_equal_board,rasch_dense_item_sensitivity,147,0.98851,47
global_family_percentile,global_family_percentile,147,1.0,50
global_family_percentile,rasch_sparse_item_sensitivity,147,0.96067,45
global_family_percentile,rasch_dense_item_sensitivity,147,0.95902,44
rasch_sparse_item_sensitivity,rasch_sparse_item_sensitivity,147,1.0,50
rasch_sparse_item_sensitivity,rasch_dense_item_sensitivity,147,0.99975,49
rasch_dense_item_sensitivity,rasch_dense_item_sensitivity,147,1.0,50
