model_key,model,is_reasoning,GDPval-AA,Terminal-Bench Hard,τ²-Bench Telecom,AA-LCR,AA-Omniscience Accuracy,AA-Omniscience Non-Hallucination Rate,Humanity's Last Exam,GPQA Diamond,SciCode,IFBench,CritPt,APEX-Agents-AA,ITBench-AA,MMMU-Pro,LiveCodeBench,AIME 2025,GDPval-AA_rank,Terminal-Bench Hard_rank,τ²-Bench Telecom_rank,AA-LCR_rank,AA-Omniscience Accuracy_rank,AA-Omniscience Non-Hallucination Rate_rank,Humanity's Last Exam_rank,GPQA Diamond_rank,SciCode_rank,IFBench_rank,CritPt_rank,APEX-Agents-AA_rank,ITBench-AA_rank,MMMU-Pro_rank,LiveCodeBench_rank,AIME 2025_rank
gpt-oss-120b (high) [R],gpt-oss-120b (high),true,22.362,23.4848,65.7895,50.6667,21.5167,8.8129,18.4893,78.1818,38.8889,68.9796,1.1429,3.0973,,,87.8307,93.4417,149,145,163,161,158,329,89,134,133,70,85,21,,,7,15
gpt-oss-20B (low) [R],gpt-oss-20B (low),true,2.4848,4.5455,50.2924,31.0,14.1833,13.4007,5.051,61.1111,34.0278,57.8231,0.0,,,,65.1852,62.3333,249,282,192,234,298,252,313,285,219,121,167,,,,95,111
gpt-oss-120b (low) [R],gpt-oss-120b (low),true,16.4481,5.303,45.0292,43.6667,15.7167,21.8509,5.2363,67.1717,35.9954,58.2993,0.0,,,,70.6878,66.6667,171,275,209,184,264,153,288,241,188,117,167,,,,66,101
GPT-5.4 mini (medium) [R],GPT-5.4 mini (medium),true,40.836,34.0909,36.5497,61.3333,36.5,10.8399,17.0528,82.3232,44.213,64.7619,2.8571,,,71.1561,,,56,79,226,93,47,290,99,96,54,95,53,,,58,,
gpt-oss-20B (high) [R],gpt-oss-20B (high),true,7.4754,10.6061,60.2339,30.6667,15.5333,5.9392,9.7776,68.7879,34.375,65.102,1.4286,0.7375,,,77.672,89.3333,226,217,175,236,271,368,170,227,214,94,73,24,,,37,30
Grok-1,Grok-1,false,,,,,,,,,,,,,,,,,,,,,,,,,,,,,,,,
GPT-5.4 mini (xhigh) [R],GPT-5.4 mini (xhigh),true,46.885,52.2727,83.3333,69.3333,37.4667,10.2079,26.645,87.4747,49.8843,73.2653,10.0,28.1711,35.2166,73.2948,,,36,10,110,27,43,306,44,36,24,41,16,7,11,45,,
GPT-5.4 nano (xhigh) [R],GPT-5.4 nano (xhigh),true,34.7379,42.4242,76.0234,66.0,25.3667,26.418,26.4597,81.7172,46.875,75.9184,9.2531,24.9263,24.3879,65.3757,,,79,34,131,52,102,121,47,101,36,25,18,10,20,89,,
o3 [R],o3,true,12.6669,37.1212,80.7018,69.3333,38.4,12.8788,20.0447,82.7273,40.9722,71.4286,1.1429,,,70.0578,80.8466,88.3333,196,58,119,27,37,263,78,92,88,54,85,,,66,26,35
GPT-5.5 (xhigh) [R],GPT-5.5 (xhigh),true,63.4649,60.6061,93.8596,74.3333,56.9167,14.4681,44.3003,93.5354,56.1343,75.8503,27.1429,37.6844,45.8098,79.8844,,,2,1,37,4,1,239,3,2,3,27,1,2,2,10,,
GPT-5.5 Instant (May 2026) [R],GPT-5.5 Instant (May 2026),true,32.1133,42.4242,49.4152,55.6667,45.4667,35.5746,20.2966,84.6465,50.3472,71.4966,2.5714,,,,,,95,34,194,127,19,87,76,68,19,52,60,,,,,
GPT-5.5 (low) [R],GPT-5.5 (low),true,47.0727,52.2727,83.9181,72.0,54.0833,14.0472,31.0009,91.0101,51.6204,64.3537,8.0,,,79.0173,,,34,10,104,16,6,243,29,15,16,99,23,,,13,,
GPT-5.4 nano,GPT-5.4 nano,false,22.0306,24.2424,34.7953,24.6667,13.8667,39.106,4.2169,55.7576,35.1852,32.7211,0.0,,,43.7572,,,150,138,232,258,304,78,406,322,204,336,167,,,174,,
GPT-5.5 (high) [R],GPT-5.5 (high),true,62.6353,59.8485,92.9825,73.3333,56.05,14.2586,43.0028,93.2323,55.9028,71.6327,25.4286,,,81.0983,,,3,2,45,10,2,242,4,3,5,50,2,,,5,,
GPT-5.4 mini,GPT-5.4 mini,false,25.1071,18.1818,23.3918,30.3333,25.3333,4.6652,5.6997,60.6061,39.5833,38.8435,0.0,,,60.4624,,,134,168,305,238,104,380,272,287,117,269,167,,,122,,
GPT-5.4 nano [R],GPT-5.4 nano,true,34.9119,33.3333,52.6316,57.3333,21.0,49.5992,14.7359,76.0606,38.4259,64.4218,5.1429,,,59.5376,,,77,83,189,122,163,53,111,161,142,98,34,,,127,,
GPT-5.5 (Non-reasoning),GPT-5.5 (Non-reasoning),false,40.7857,49.2424,69.2982,56.3333,45.0667,8.7682,12.5579,76.7677,47.338,46.1224,1.4286,,,71.3873,,,57,14,153,125,21,331,131,150,31,187,73,,,56,,
GPT-5.5 (medium) [R],GPT-5.5 (medium),true,57.474,57.5758,91.8129,72.3333,55.6,13.7012,40.5931,92.6263,53.4722,70.9524,18.5714,,,81.1561,,,11,4,56,15,4,247,7,5,8,59,5,,,4,,
GPT-5.3 Codex (xhigh) [R],GPT-5.3 Codex (xhigh),true,49.0573,53.0303,85.9649,74.0,51.7833,13.1006,39.8981,91.5152,53.2407,75.3741,16.8571,,,78.4971,,,29,8,92,5,9,257,9,11,11,34,7,,,16,,
Llama 3.3 70B,Llama 3.3 70B,false,-4.9954,3.0303,26.6082,15.0,17.9333,14.8863,3.9866,49.798,26.0417,47.0748,0.0,,0.565,,28.7831,7.6667,289,312,280,304,212,231,429,358,324,183,167,,24,,230,234
Llama 3.1 405B,Llama 3.1 405B,false,-12.2483,6.8182,19.0058,24.3333,22.3333,48.97,4.2474,51.5152,29.8611,39.0476,0.0,,,,30.4762,3.0,361,247,345,260,146,56,402,348,262,266,167,,,,217,255
Llama 3.2 90B (Vision),Llama 3.2 90B (Vision),false,,,,,,,4.918,43.2323,23.9583,,,,,39.4798,21.3757,,,,,,,,324,390,345,,,,,182,263,
Llama 3.2 11B (Vision),Llama 3.2 11B (Vision),false,,0.7576,14.6199,11.6667,10.2,18.3927,5.1788,22.1212,11.2269,30.4082,0.0,,,29.3064,11.0053,1.6667,,351,366,319,351,191,299,495,433,361,167,,,192,311,259
Llama 4 Maverick,Llama 4 Maverick,false,-3.2364,6.8182,17.8363,46.0,24.3167,12.6844,4.7818,67.0707,33.1019,42.9932,0.0,,,62.1387,39.6825,19.3333,282,247,351,173,118,267,338,243,231,221,167,,,111,183,209
Llama 4 Scout,Llama 4 Scout,false,-11.4713,1.5152,15.4971,25.8,14.55,21.6891,4.3219,58.6869,17.0139,39.5238,0.0,,,52.948,29.9471,14.0,351,339,361,252,292,156,392,303,404,260,167,,,147,220,219
Muse Spark [R],Muse Spark,true,45.8529,45.4545,91.5205,69.6667,44.6167,26.8131,39.9444,88.3838,51.5046,75.9184,11.3306,,,80.5202,,,38,24,58,23,22,119,8,32,17,25,14,,,6,,
Gemma 4 31B [R],Gemma 4 31B,true,30.6568,36.3636,59.9415,62.0,19.9167,18.4183,22.6599,85.6566,43.4028,75.5782,1.4286,,37.2881,73.4104,,,105,60,176,90,178,190,65,55,62,30,73,,9,44,,
Gemma 4 26B A4B [R],Gemma 4 26B A4B,true,25.7113,13.64,43.5673,55.6667,18.15,19.1,18.2576,79.1919,40.0463,72.449,0.0,,23.6347,69.2486,,,129,198,211,127,208,182,91,122,106,46,167,,21,70,,
Gemma 4 26B A4B,Gemma 4 26B A4B,false,22.4189,25.0,40.3509,39.6667,15.7167,7.7516,10.658,71.4141,37.2685,45.4422,0.0,,,66.7052,,,147,132,220,199,264,346,155,204,161,195,167,,,86,,
Gemini 3.5 Flash (minimal),Gemini 3.5 Flash (minimal),false,47.0564,46.2121,58.7719,53.3333,43.0833,26.5886,23.1233,82.8283,48.8426,47.2789,1.4286,,,80.1156,,,35,20,179,146,26,120,64,89,29,180,73,,,8,,
Gemma 4 31B,Gemma 4 31B,false,25.2739,30.303,65.4971,36.0,16.8667,17.9431,11.4921,76.2626,41.088,53.4694,0.0,,,70.3468,,,131,106,166,209,240,199,146,159,85,145,167,,,63,,
Gemini 3.5 Flash (medium) [R],Gemini 3.5 Flash (medium),true,57.9126,39.3939,95.614,71.0,51.1167,39.7204,39.8517,92.1212,53.0093,74.5578,10.8571,,,83.8728,,,9,46,18,17,10,73,10,8,13,36,15,,,2,,
Gemma 4 E2B,Gemma 4 E2B,false,-12.4624,2.2727,22.2222,15.0,7.9833,24.6332,4.4949,40.5051,20.3704,33.6054,0.0,,,41.7919,,,366,319,316,304,369,130,375,408,379,323,167,,,179,,
Gemma 4 E4B [R],Gemma 4 E4B,true,-9.8696,8.3333,20.7602,30.6667,8.55,68.7261,3.7071,57.5758,24.4213,44.2177,0.5714,,,51.3873,,,328,232,331,236,363,20,455,310,341,206,115,,,151,,
Gemma 4 E4B,Gemma 4 E4B,false,-10.4398,7.5758,26.0234,18.0,8.3167,45.6462,4.7266,54.9495,3.9352,40.5442,0.2857,,,51.2139,,,334,239,287,288,366,61,348,327,469,249,132,,,152,,
Gemini 3.1 Flash-Lite [R],Gemini 3.1 Flash-Lite,true,21.3727,24.2424,31.2865,65.3333,36.4,18.37,16.2187,82.2222,41.8981,77.2109,1.1429,12.1681,,75.5491,,,151,138,252,60,48,192,102,97,81,18,85,18,,25,,
Gemini 3.1 Pro Preview [R],Gemini 3.1 Pro Preview,true,40.7069,53.7879,95.614,72.6667,55.25,50.1304,44.7173,94.1414,58.912,77.1429,17.7143,32.0059,30.3309,82.4277,,,58,7,18,13,5,51,2,1,1,19,6,5,17,3,,
Gemini 3.5 Flash [R],Gemini 3.5 Flash,true,57.7852,40.9091,95.3216,69.3333,51.8833,39.3142,40.9639,92.2222,53.125,76.3265,13.1429,47.0501,40.3484,84.2775,,,10,41,22,27,8,76,6,7,12,22,9,1,4,1,,
Gemma 3 270M,Gemma 3 270M,false,,0.0,9.0643,0.0,0.8667,67.5353,4.1705,22.4242,0.0,12.1088,0.0,,,,0.3175,2.3333,,366,392,364,403,23,415,494,491,427,167,,,,340,256
Gemini 2.5 Pro [R],Gemini 2.5 Pro,true,20.9327,26.5152,54.0936,66.0,39.0,12.623,21.0843,84.4444,42.8241,48.7075,2.5714,,,74.9133,80.1058,87.6667,153,123,184,52,34,268,74,71,68,171,60,,,34,28,40
Gemma 4 E2B [R],Gemma 4 E2B,true,-11.5588,3.0303,20.7602,15.0,6.6833,67.137,4.7729,43.3333,20.9491,38.0272,0.0,,,44.5665,,,352,312,331,304,378,24,339,387,373,279,167,,,170,,
Claude Opus 4.7 (max) [R],Claude Opus 4.7 (max),true,62.634,51.5152,88.5965,70.3333,45.7833,63.818,39.62,91.4141,54.5139,58.6395,12.0,,46.6573,78.8439,,,4,12,73,21,16,29,11,12,7,116,12,,1,14,,
Claude Opus 4.8 (max) [R],Claude Opus 4.8 (max),true,69.4902,58.3333,94.4444,67.6667,46.6,64.1074,45.7368,92.0202,53.4722,62.2449,20.8571,,,,,,1,3,29,38,14,27,1,9,8,106,4,,,,,
Claude Sonnet 4.6 (Non-reasoning),Claude Sonnet 4.6 (Non-reasoning),false,54.9353,46.2121,79.5322,57.6667,37.9667,34.0677,13.1603,79.899,46.875,41.1565,0.8571,,,70.578,,,13,20,123,118,39,91,123,116,36,245,99,,,60,,
"Claude Opus 4.7 (Non-reasoning, high)","Claude Opus 4.7 (Non-reasoning, high)",false,58.857,54.5455,73.9766,67.0,43.5333,48.0815,31.2326,88.4848,50.1157,43.6054,5.1429,,,76.3584,,,5,6,140,43,24,58,28,30,22,212,34,,,22,,
Claude 4.5 Haiku [R],Claude 4.5 Haiku,true,33.57,27.2727,54.6784,70.3333,17.4333,73.7788,9.6849,67.1717,43.287,54.2857,0.0,,27.307,58.5549,61.4815,83.6667,88,119,182,21,225,15,173,241,63,139,167,,18,129,113,52
Claude 4.5 Haiku,Claude 4.5 Haiku,false,31.8018,27.2727,32.4561,43.6667,13.6667,75.2896,4.2632,64.6465,34.375,42.0408,0.0,,,55.1445,51.1111,39.0,97,119,245,184,306,11,398,263,214,230,167,,,141,146,159
Claude Sonnet 4.6 (max) [R],Claude Sonnet 4.6 (max),true,58.7962,53.0303,75.731,70.6667,40.0333,53.8633,29.9815,87.4747,46.7593,56.5986,3.1429,28.0236,39.8023,73.2948,,,6,8,132,18,32,44,31,36,39,128,49,8,6,45,,
"Claude Sonnet 4.6 (Non-reasoning, Low Effort)","Claude Sonnet 4.6 (Non-reasoning, Low Effort)",false,47.82,42.4242,78.9474,58.6667,36.1333,40.4489,10.8434,79.697,44.0972,42.381,0.8571,,,69.1908,,,32,34,126,111,49,71,153,117,57,229,99,,,73,,
Magistral Small 1.2 [R],Magistral Small 1.2,true,8.47,4.5455,27.7778,16.3333,13.4833,9.3046,6.0704,66.2626,35.1852,44.3537,0.2857,,,55.4913,72.2751,80.3333,216,282,272,301,310,321,255,252,204,203,132,,,139,60,64
Ministral 3 14B,Ministral 3 14B,false,7.7753,4.5455,27.193,22.0,12.3,9.7872,4.6339,57.1717,23.6111,32.0408,0.0,,,49.8266,35.1323,30.0,225,282,277,269,326,311,357,313,349,341,167,,,156,196,183
Ministral 3 8B,Ministral 3 8B,false,6.9494,4.5455,26.6082,24.0,11.1833,11.034,4.2632,47.0707,20.8333,29.1156,0.0,,,45.9538,30.2646,31.6667,230,282,280,261,342,286,398,371,376,367,167,,,166,219,178
Mistral Large 3,Mistral Large 3,false,18.2503,15.9091,24.5614,34.6667,24.1167,16.253,4.0778,67.9798,36.2269,36.1905,0.0,,,55.6647,46.455,38.0,160,186,301,217,124,211,419,236,182,300,167,,,138,160,162
Mistral Small 4,Mistral Small 4,false,17.2388,10.6061,18.4211,21.3333,16.25,22.8458,3.7071,57.0707,28.125,32.7891,0.2857,,,46.474,,,166,217,349,272,248,147,455,315,291,333,132,,,165,,
Mistral Medium 3.5 [R],Mistral Medium 3.5,true,33.3833,33.3333,94.152,61.0,25.1,18.0018,12.7896,74.8485,39.5833,68.7755,0.0,,,64.8555,,,90,83,32,94,106,198,127,174,117,72,167,,,94,,
Devstral Small 2,Devstral Small 2,false,16.0016,16.6667,23.3918,24.0,15.3333,14.8819,3.4291,53.2323,28.8194,31.1565,0.0,,,44.6243,34.8148,34.3333,174,181,305,261,277,232,476,337,278,357,167,,,169,197,174
Magistral Medium 1.2 [R],Magistral Medium 1.2,true,6.3834,12.8788,52.0468,51.3333,20.85,40.5138,9.6386,73.9394,39.2361,42.9932,0.2857,,,59.6532,75.0265,82.0,233,203,191,155,165,70,174,180,127,221,132,,,126,47,60
Mistral Small 4 [R],Mistral Small 4,true,18.0427,17.4242,41.2281,44.6667,22.1167,33.2121,9.4995,76.8687,37.963,48.1633,0.2857,,,56.8208,,,162,174,217,179,152,97,178,149,149,174,132,,,135,,
Ministral 3 3B,Ministral 3 3B,false,-0.8291,0.0,24.8538,11.6667,7.5667,22.4666,5.329,35.7576,14.3519,26.8027,0.0,,,38.0925,24.6561,22.0,271,366,297,319,373,149,282,425,416,382,167,,,183,253,202
Devstral 2,Devstral 2,false,17.724,18.9394,24.8538,30.0,21.0167,14.9399,3.5681,59.3939,33.1019,38.0952,0.0,,,,44.7619,36.6667,163,163,297,239,162,230,469,295,231,275,167,,,,165,168
DeepSeek V4 Pro (High) [R],DeepSeek V4 Pro (High),true,52.8999,41.6667,94.152,65.0,41.8333,11.404,33.5032,90.5051,46.412,71.2925,10.0,,,,,,16,38,32,64,27,278,22,17,41,55,16,,,,,
DeepSeek V4 Flash (Max) [R],DeepSeek V4 Flash (Max),true,44.4061,35.6061,95.0292,63.0,37.2167,4.2474,32.0667,89.3939,44.9074,79.1837,7.1429,,31.516,,,,45,63,25,83,45,387,27,24,50,12,29,,15,,,
DeepSeek V4 Flash (High) [R],DeepSeek V4 Flash (High),true,45.6901,38.6364,95.614,62.6667,35.5333,10.3154,27.7572,86.6667,42.0139,73.4694,3.4286,,,,,,39,49,18,85,50,304,40,44,78,40,48,,,,,
DeepSeek V4 Pro (Max) [R],DeepSeek V4 Pro (Max),true,52.6896,46.2121,96.1988,66.3333,43.2833,6.0241,35.8665,88.7879,50.0,76.4626,12.8571,24.2625,38.3239,,,,17,20,13,48,25,366,17,27,23,21,10,11,7,,,
DeepSeek V4 Pro,DeepSeek V4 Pro,false,48.87,36.3636,91.2281,45.0,30.7667,12.1088,7.7386,71.7172,42.3611,45.7823,0.8571,,,,,,30,60,59,177,59,270,207,202,74,191,99,,,,,
DeepSeek V4 Flash,DeepSeek V4 Flash,false,44.5857,34.0909,94.4444,33.3333,26.1,4.894,6.9972,71.6162,37.2685,47.2109,0.2857,,,,,,44,79,29,225,96,379,225,203,161,181,132,,,,,
R1 1776 [R],R1 1776,true,,,,,,,,,,,,,,,,,,,,,,,,,,,,,,,,
Falcon-H1R-7B [R],Falcon-H1R-7B,true,-6.4071,2.2727,27.7778,8.6667,14.0833,11.3482,10.797,66.0606,24.8843,54.4218,0.2857,,,,72.381,80.0,298,319,272,331,300,280,154,253,336,138,132,,,,58,67
Grok 4.3 (high) [R],Grok 4.3 (high),true,49.7511,37.8788,97.6608,64.3333,34.6333,75.0382,35.0324,90.101,47.338,81.2925,8.0,17.0354,32.7213,78.0925,,,26,51,7,71,52,12,19,19,31,5,23,13,14,18,,
Grok 4.3 (low) [R],Grok 4.3 (low),true,31.2148,26.5152,88.8889,64.0,25.8833,83.517,17.3309,84.3434,41.8981,80.9524,0.5714,,,72.7746,,,100,123,71,75,98,5,96,72,81,7,115,,,50,,
Grok 4.3 (medium) [R],Grok 4.3 (medium),true,40.5916,30.303,91.2281,65.0,28.45,83.9739,28.0816,88.9899,44.5602,83.3333,4.8571,,,75.8382,,,59,106,59,64,73,3,37,26,53,1,37,,,24,,
Grok 4.3 (Non-reasoning),Grok 4.3 (Non-reasoning),false,39.9942,18.9394,65.7895,24.6667,24.1667,25.5385,6.4875,65.7576,37.3843,47.619,0.0,,,64.7977,,,61,163,163,258,122,127,240,255,159,178,167,,,95,,
Nova Micro,Nova Micro,false,-8.0556,1.5152,14.0351,9.6667,9.8833,35.0287,4.6572,35.7576,9.375,29.3878,0.0,,,,13.9683,6.0,311,339,369,327,352,89,353,425,441,366,167,,,,293,243
Nova 2.0 Omni,Nova 2.0 Omni,false,-9.7992,6.8182,44.7368,22.3333,12.8667,11.2089,3.8925,55.4545,27.8935,41.0884,0.0,,,49.8844,30.4762,37.0,325,247,210,268,318,283,439,326,296,246,167,,,155,217,165
Nova 2.0 Lite (high) [R],Nova 2.0 Lite (high),true,17.6804,16.6667,72.807,55.3333,18.8167,10.1622,10.9361,81.1111,36.9213,70.7483,,,,63.7572,71.1111,94.3333,164,181,143,132,193,307,152,106,168,60,,,,102,64,12
Nova 2.0 Pro Preview (medium) [R],Nova 2.0 Pro Preview (medium),true,23.6743,24.2424,92.6901,54.3333,21.9833,10.2329,8.9435,78.4848,42.7083,79.0476,0.0,,,64.5087,73.0159,89.0,145,138,50,141,154,305,185,130,70,13,167,,,98,56,33
Nova 2.0 Pro Preview (low) [R],Nova 2.0 Pro Preview (low),true,7.9502,17.4242,90.6433,61.6667,22.1333,12.7997,5.19,75.0505,38.6574,79.5918,0.0,,,62.7168,63.8095,63.3333,224,174,62,91,151,264,298,171,137,11,167,,,107,103,108
Nova 2.0 Lite,Nova 2.0 Lite,false,-5.9887,6.8182,61.9883,17.6667,13.5,16.0694,3.012,60.303,23.9583,40.5442,0.0,,,49.0173,34.6032,33.6667,292,247,173,291,309,214,488,290,345,249,167,,,157,199,176
Nova 2.0 Omni (medium) [R],Nova 2.0 Omni (medium),true,14.1764,4.5455,80.4094,53.6667,17.8833,7.7938,6.7655,75.9596,36.2269,66.1905,0.0,,,61.9075,66.0317,89.6667,181,282,121,145,214,343,232,164,182,89,167,,,116,88,26
Nova 2.0 Pro Preview,Nova 2.0 Pro Preview,false,-9.1353,16.6667,71.6374,28.3333,16.0833,23.4558,3.9852,63.6364,28.125,52.0408,0.0,,,,47.3016,30.6667,322,181,146,244,254,143,431,268,291,151,167,,,,154,180
Nova 2.0 Omni (low) [R],Nova 2.0 Omni (low),true,-7.0203,3.7879,67.8363,51.0,18.4667,16.0466,4.0315,69.899,34.2593,61.7687,0.0,,,59.8266,59.1534,56.0,302,296,159,159,198,215,424,217,217,107,167,,,125,119,126
Nova Premier,Nova Premier,false,0.2792,6.8182,38.3041,30.0,19.1167,31.5269,4.7257,56.8687,27.8935,36.1905,0.0,,,,31.746,17.3333,261,247,221,239,190,105,350,317,296,300,167,,,,211,214
Nova 2.0 Lite (medium) [R],Nova 2.0 Lite (medium),true,7.1478,17.4242,75.731,58.3333,18.2833,9.5656,8.6191,76.7677,36.8056,68.5034,0.0,,,62.5434,66.3492,88.6667,228,174,132,114,202,317,190,150,170,74,167,,,108,87,34
Nova 2.0 Lite (low) [R],Nova 2.0 Lite (low),true,0.4228,3.7879,71.9298,52.0,15.8667,20.4437,4.2169,69.798,33.3333,61.2245,0.0,,,57.9769,46.8783,46.6667,258,296,145,153,259,165,406,219,226,109,167,,,133,158,143
Phi-4,Phi-4,false,,3.7879,0.0,0.0,13.1833,19.4855,4.0611,57.4747,26.0417,23.5374,0.0,,,,23.0688,18.0,,296,398,364,314,179,421,311,324,401,167,,,,261,212
Phi-4 Mini,Phi-4 Mini,false,-13.577,0.0,8.1871,13.6667,8.2667,24.4731,4.1729,33.1313,10.7639,21.0884,0.0,,,,12.5926,6.6667,377,366,394,311,367,135,413,439,436,414,167,,,,299,239
Phi-4 Multimodal,Phi-4 Multimodal,false,,,,,,,4.3592,31.5152,10.9954,,,,,14.5087,13.1217,,,,,,,,388,453,434,,,,,198,297,
LFM2.5-1.2B-Thinking [R],LFM2.5-1.2B-Thinking,true,-12.4166,0.0,19.5906,0.0,6.6167,3.1055,6.0704,33.9394,4.1667,41.8367,0.0,,,,,,365,366,339,364,380,395,255,433,466,233,167,,,,,
LFM2.5-VL-1.6B,LFM2.5-VL-1.6B,false,-13.4329,0.0,8.4795,0.0,5.2,6.0478,5.1437,28.8889,3.0093,33.1293,0.0,,,26.5318,,,375,366,393,364,392,365,302,467,475,329,167,,,193,,
LFM2 2.6B,LFM2 2.6B,false,-13.238,0.7576,13.4503,0.0,5.2333,39.5005,5.2363,30.6061,2.5463,19.5238,0.0,,,,8.1481,8.3333,372,351,371,364,391,74,288,455,480,422,167,,,,322,232
LFM2 8B A1B,LFM2 8B A1B,false,-12.1018,0.0,10.5263,0.0,6.8333,12.0215,4.8656,34.4444,6.8287,26.2585,0.0,,,,15.1323,25.3333,357,366,387,364,377,273,331,431,457,386,167,,,,288,196
LFM2.5-1.2B-Instruct,LFM2.5-1.2B-Instruct,false,-11.7265,0.0,10.8187,0.0,5.9833,15.1569,6.7655,32.6263,2.3148,43.8095,0.0,,,,,,355,366,385,364,387,227,232,445,483,210,167,,,,,
LFM2 24B A2B,LFM2 24B A2B,false,-13.2772,0.0,11.1111,0.0,6.4167,30.0267,4.4486,47.3737,10.8796,45.8503,0.0,,,,,,373,366,384,364,383,109,378,368,435,189,167,,,,,
Solar Open 100B [R],Solar Open 100B,true,8.2516,2.2727,48.2456,36.0,18.0833,11.882,9.1752,65.6566,26.8519,57.6871,0.0,,,,,,222,319,197,209,210,274,183,256,312,122,167,,,,,
Solar Pro 2 [R],Solar Pro 2,true,-2.5532,3.0303,28.0702,0.0,19.4833,5.5475,6.9509,68.6869,30.2083,37.0748,0.0,,,,61.5873,61.3333,279,312,268,364,185,371,227,228,259,287,167,,,,112,113
Solar Pro 3 [R],Solar Pro 3,true,8.7722,7.5758,86.2573,27.0,18.1167,12.1921,10.1483,72.4242,24.6528,71.2018,0.0,,,,,,215,239,89,249,209,269,165,198,338,56,167,,,,,
Solar Pro 2,Solar Pro 2,false,-2.7641,4.5455,31.8713,0.0,15.5667,8.5077,3.7998,56.0606,24.7685,33.7415,0.0,,,,42.4339,30.0,280,282,247,364,270,335,448,320,337,321,167,,,,170,183
MiniMax-M3 [R],MiniMax-M3,true,58.4174,42.4242,88.8889,74.0,15.0333,83.9153,37.1177,92.9293,45.3704,82.8571,3.7143,,,79.8844,,,8,34,71,5,281,4,14,4,48,3,44,,,10,,
MiniMax-M2.7 [R],MiniMax-M2.7,true,50.2324,39.3939,84.7953,68.6667,26.1167,65.5764,28.0816,87.3737,46.9907,75.7143,0.5714,10.6195,26.4595,,,,22,46,97,33,95,26,37,38,34,28,115,20,19,,,
Llama 3.1 Nemotron 70B,Llama 3.1 Nemotron 70B,false,-8.2351,4.5455,23.0994,7.0,16.45,31.1789,4.62,46.4646,23.2639,30.7483,0.0,,,,16.9312,11.0,314,282,309,335,246,106,360,377,351,360,167,,,,281,228
Nemotron 3 Nano Omni 30B A3B Reasoning [R],Nemotron 3 Nano Omni 30B A3B Reasoning,true,13.1769,8.3333,45.3216,35.6667,14.8,16.8623,5.329,46.8687,27.7778,63.1973,0.0,,,53.1792,,,190,232,208,212,287,205,282,375,298,103,167,,,145,,
NVIDIA Nemotron 3 Super [R],NVIDIA Nemotron 3 Super,true,25.173,28.7879,67.8363,60.0,24.0333,12.9882,19.1844,80.0,35.9954,71.4966,3.1429,1.8437,,,,,133,111,159,102,125,262,84,115,188,52,49,23,,,,
Nemotron 3 Ultra [R],Nemotron 3 Ultra,true,43.8314,36.3636,83.3333,67.0,21.55,71.468,26.5524,86.6667,39.9306,81.3605,3.1429,,,,,,47,60,110,43,157,17,45,44,109,4,49,,,,,
NVIDIA Nemotron 3 Nano,NVIDIA Nemotron 3 Nano,false,-7.7039,12.1212,25.4386,6.6667,11.3667,9.0824,4.6339,39.899,23.0324,37.483,0.0,,,,35.9788,13.3333,307,207,291,338,337,326,357,413,355,286,167,,,,191,224
NVIDIA Nemotron Nano 9B V2,NVIDIA Nemotron Nano 9B V2,false,-9.8966,0.7576,23.3918,22.6667,9.5333,26.3449,4.0315,55.6566,20.9491,27.1429,0.0,,,,70.0529,62.3333,329,351,305,266,356,122,424,323,373,379,167,,,,69,111
NVIDIA Nemotron Nano 12B v2 VL,NVIDIA Nemotron Nano 12B v2 VL,false,-10.8668,0.0,19.2982,17.0,11.3667,5.0959,4.4949,43.9394,17.5926,25.8503,0.0,,,44.5087,34.4974,26.6667,338,366,344,296,337,376,375,384,399,389,167,,,171,200,191
NVIDIA Nemotron Nano 12B v2 VL [R],NVIDIA Nemotron Nano 12B v2 VL,true,-8.6153,4.5455,21.345,40.0,13.7667,9.3351,5.2827,57.1717,26.1574,31.9048,0.0,,,52.8902,69.418,75.0,317,282,325,196,305,320,286,313,323,343,167,,,148,75,78
NVIDIA Nemotron 3 Nano [R],NVIDIA Nemotron 3 Nano,true,3.181,13.6364,40.9357,33.6667,17.1167,17.0521,10.241,75.6566,29.6296,71.0884,0.8571,,,,74.0741,91.0,246,199,218,222,232,204,162,167,265,58,99,,,,50,21
Llama Nemotron Ultra [R],Llama Nemotron Ultra,true,-13.094,2.2727,11.4035,7.3333,19.9,18.3313,8.0849,72.8283,34.7222,38.1633,0.0,,,,64.127,63.6667,370,319,381,333,179,193,200,191,211,274,167,,,,100,106
NVIDIA Nemotron Nano 9B V2 [R],NVIDIA Nemotron Nano 9B V2,true,-3.0259,1.5152,21.9298,21.0,11.2667,38.9932,4.5876,56.9697,21.9907,27.619,0.0,,,,72.381,69.6667,281,339,319,274,341,80,364,316,368,377,167,,,,58,94
Llama Nemotron Super 49B v1.5 [R],Llama Nemotron Super 49B v1.5,true,-6.6161,5.303,28.0702,34.0,16.9333,24.4583,6.8119,74.8485,34.838,37.0068,0.0,,,,73.6508,76.6667,299,275,268,220,238,136,228,174,207,289,167,,,,54,75
Nemotron Cascade 2 30B A3B [R],Nemotron Cascade 2 30B A3B,true,12.7933,21.2121,53.2164,34.0,17.6,14.9676,11.3531,75.7576,34.838,80.4082,0.5714,,,,,,194,153,186,220,218,229,147,166,207,9,115,,,,,
NVIDIA Nemotron 3 Nano 4B [R],NVIDIA Nemotron 3 Nano 4B,true,-1.0974,6.8182,28.0702,16.6667,9.45,10.5651,4.7729,51.3131,16.4352,58.2313,0.0,,,,,,273,247,268,300,357,298,339,351,409,118,167,,,,,
Llama Nemotron Super 49B v1.5,Llama Nemotron Super 49B v1.5,false,-6.0484,3.7879,25.1462,22.0,12.2,34.1306,4.3095,48.0808,23.8426,32.9252,0.0,,,,28.9947,8.0,294,296,294,269,327,90,395,366,348,332,167,,,,228,233
Kimi K2.6 [R],Kimi K2.6,true,49.075,43.9394,95.9064,69.6667,32.8,60.7391,35.9129,91.1111,53.4722,75.9864,8.0,28.4661,31.1864,79.3642,,,28,26,14,23,55,33,16,13,8,24,23,6,16,12,,
Llama 65B,Llama 65B,false,,,,,,,,,,,,,,,,,,,,,,,,,,,,,,,,
Kimi K2.6,Kimi K2.6,false,41.3031,37.8788,93.8596,57.6667,23.0667,57.0624,18.165,78.7879,39.4676,44.2857,1.4286,,,,,,52,51,37,118,136,39,93,128,120,205,73,,,,,
Kimi Linear 48B A3B Instruct,Kimi Linear 48B A3B Instruct,false,,11.3636,0.0,25.6667,,,2.734,41.2121,19.9074,28.0952,,,,,37.7778,36.3333,,212,398,253,,,493,403,381,374,,,,,188,169
Step3 VL 10B [R],Step3 VL 10B,true,-12.1645,5.303,16.0819,0.0,12.7167,17.8346,10.1946,68.9899,31.1343,50.2041,0.0,,,63.9884,,,359,275,359,364,322,201,164,226,250,162,167,,,101,,
Step 3.5 Flash 2603 [R],Step 3.5 Flash 2603,true,28.501,32.5758,87.4269,54.3333,25.0333,8.3593,22.5672,82.6263,38.5417,66.5306,2.2857,,,,,,112,88,79,141,110,337,66,94,141,88,64,,,,,
Step 3.7 Flash [R],Step 3.7 Flash,true,39.935,35.6061,98.538,63.6667,25.4,15.6166,19.9259,80.9091,40.0463,67.2789,2.2857,,,75.3179,,,63,63,3,77,101,223,80,109,106,82,64,,,30,,
Olmo 3.1 32B Instruct,Olmo 3.1 32B Instruct,false,-7.28,0.0,21.345,0.0,11.3333,29.6053,4.912,53.9394,16.6667,39.1837,0.0,,,,,,305,366,325,364,339,111,326,332,407,263,167,,,,,
Molmo 7B-D,Molmo 7B-D,false,,0.0,0.0,0.0,,,5.051,24.0404,3.588,19.6599,,,,24.5087,3.9153,0.0,,366,398,364,,,313,485,472,421,,,,197,334,264
Olmo 3 7B,Olmo 3 7B,false,-11.2125,0.0,12.5731,0.0,7.3333,8.1835,5.7924,40.0,10.3009,32.7891,0.0,,,,26.5608,41.3333,346,366,376,364,375,341,266,411,437,333,167,,,,245,150
Olmo 3.1 32B Think [R],Olmo 3.1 32B Think,true,,0.0,0.0,0.0,13.6,33.1983,6.0241,59.0909,29.2824,65.9864,0.0,,,,69.5238,77.3333,,366,398,364,307,98,257,299,270,90,167,,,,72,74
Olmo 3 7B Think [R],Olmo 3 7B Think,true,,0.7576,0.0,0.0,10.8167,5.2514,5.6997,51.6162,21.1806,41.4966,0.0,,,,61.6931,70.6667,,351,398,364,344,374,272,345,371,237,167,,,,110,92
Molmo2-8B,Molmo2-8B,false,0.0,0.0,0.0,0.0,11.3167,9.3028,4.4486,42.5253,13.3102,26.9388,0.0,,,37.4566,,,263,366,398,364,340,322,378,396,422,380,167,,,187,,
Granite 4.0 H Small,Granite 4.0 H Small,false,-7.8445,2.2727,17.2515,9.0,14.3667,12.0864,3.7071,41.6162,20.9491,31.4966,0.0,,,,25.0794,13.6667,308,319,353,329,296,271,455,400,373,350,167,,,,251,222
Granite 4.0 H 350M,Granite 4.0 H 350M,false,-10.551,0.0,14.6199,0.0,3.6667,5.6228,6.3948,25.6566,1.7361,17.551,0.0,,,,1.9048,1.3333,335,366,366,364,398,370,242,482,485,423,167,,,,337,260
Granite 4.1 30B,Granite 4.1 30B,false,-0.2263,2.2727,42.1053,18.6667,13.9833,4.9409,4.2169,48.0808,25.8102,44.3537,0.0,,,,,,268,319,215,287,302,378,406,366,328,203,167,,,,,
Granite 4.0 1B,Granite 4.0 1B,false,-12.1172,0.0,22.807,4.0,6.05,6.4751,5.1437,28.0808,8.6806,20.5442,0.0,,,,4.6561,6.3333,358,366,311,354,386,360,302,472,446,416,167,,,,331,241
Granite 4.1 3B,Granite 4.1 3B,false,-6.8043,2.2727,19.5906,3.0,9.25,4.5363,3.3828,31.4141,11.9213,33.6735,0.0,,,,,,301,319,339,357,358,383,480,454,425,322,167,,,,,
Granite 4.1 8B,Granite 4.1 8B,false,2.1311,0.0,27.7778,12.0,12.1,12.7418,3.7998,43.3333,21.7593,38.6395,0.0,,,,,,250,366,272,318,330,265,448,387,370,272,167,,,,,
Granite 4.0 350M,Granite 4.0 350M,false,-11.7189,0.0,13.1579,0.0,3.1667,22.2203,5.7461,26.0606,0.9259,15.9184,0.0,,,,2.4339,0.0,354,366,373,364,400,150,268,480,489,425,167,,,,335,264
Granite 4.0 H 1B,Granite 4.0 H 1B,false,-11.7104,0.0,19.5906,6.3333,5.3333,16.5669,5.0046,26.2626,8.2176,26.1905,0.0,,,,11.5344,6.3333,353,366,339,344,390,208,316,479,448,387,167,,,,307,241
Granite 4.0 Micro,Granite 4.0 Micro,false,-11.0557,1.5152,12.5731,4.0,9.0167,4.4514,5.0973,33.6364,11.9213,24.7619,0.0,,,,17.9894,6.0,342,339,376,354,359,384,307,436,425,394,167,,,,275,243
Mercury 2 [R],Mercury 2,true,22.9561,26.5152,70.7602,36.3333,20.4833,8.4888,15.5236,76.9697,38.6574,69.7959,0.849,,,,,,146,123,149,207,170,336,105,148,137,68,114,,,,,
Reka Flash 3 [R],Reka Flash 3,true,,0.0,0.0,0.0,13.3667,9.8884,5.0671,52.9293,26.7361,30.4082,0.0,,,,43.4921,33.6667,,366,398,364,312,309,310,338,313,361,167,,,,166,176
Hermes 4 70B,Hermes 4 70B,false,1.0898,0.0,21.6374,2.0,18.1833,19.8818,3.6145,49.0909,27.662,28.9796,0.0,,,,26.8783,11.3333,253,366,321,359,206,172,466,361,301,369,167,,,,242,227
Hermes 4 405B,Hermes 4 405B,false,0.5002,9.8485,26.6082,20.0,26.2667,19.6203,4.1705,53.6364,34.6065,34.7619,0.0,,,,54.6032,15.3333,255,225,280,279,92,176,415,334,212,309,167,,,,130,215
DeepHermes 3 - Mistral 24B,DeepHermes 3 - Mistral 24B,false,,,,,,,3.9241,38.1818,22.8009,,,,,,19.4709,,,,,,,,436,417,363,,,,,,270,
DeepHermes 3 - Llama-3.1 8B,DeepHermes 3 - Llama-3.1 8B,false,,,,,,,4.2616,26.9697,9.1435,,,,,,8.4656,,,,,,,,400,477,444,,,,,,320,
Hermes 4 70B [R],Hermes 4 70B,true,1.8876,4.5455,22.5146,6.6667,23.2833,4.584,7.8777,69.899,34.1435,31.2925,0.0,,,,65.291,68.6667,251,282,313,338,133,381,203,217,218,355,167,,,,94,96
Hermes 4 405B [R],Hermes 4 405B,true,4.2441,11.3636,22.2222,20.6667,30.1667,5.179,10.3336,72.7273,25.2315,32.7211,0.2857,,,,68.5714,69.6667,241,212,316,277,61,375,160,192,332,335,132,,,,79,94
K-EXAONE [R],K-EXAONE,true,16.2636,22.7273,74.269,55.6667,16.4833,10.896,13.0677,78.2828,35.6481,64.6939,1.1184,,,,76.8254,90.3333,173,147,137,127,245,289,124,133,200,96,98,,,,41,25
K-EXAONE,K-EXAONE,false,13.182,6.8182,59.0643,47.0,12.1833,16.4737,5.3753,69.4949,26.9676,39.5918,0.0,,,,,44.0,189,247,178,171,328,210,281,222,311,258,167,,,,,148
EXAONE 4.0 32B [R],EXAONE 4.0 32B,true,0.1576,3.7879,17.2515,14.0,13.6,13.8889,10.519,73.9394,34.375,36.3265,0.0,,,,74.709,80.0,262,296,353,310,307,245,158,180,214,298,167,,,,48,67
Exaone 4.0 1.2B,Exaone 4.0 1.2B,false,-10.2989,0.0,20.4678,0.0,4.65,8.5125,5.8387,42.4242,7.4074,25.3061,0.0,,,,29.3122,24.0,332,366,335,364,395,334,263,397,452,392,167,,,,224,198
EXAONE 4.5 33B [R],EXAONE 4.5 33B,true,15.6426,20.4545,78.0702,49.3333,16.1667,19.3042,11.6311,79.3939,28.0093,57.9592,0.2857,,,67.341,,,178,159,128,164,250,180,144,120,294,119,132,,,84,,
EXAONE 4.0 32B,EXAONE 4.0 32B,false,-8.5861,1.5152,4.0936,8.0,10.35,18.9626,4.8656,62.8283,25.2315,33.4694,0.0,,,,47.1958,39.3333,316,339,397,332,345,183,331,273,332,325,167,,,,156,157
Exaone 4.0 1.2B [R],Exaone 4.0 1.2B,true,-10.43,0.0,16.3743,0.0,6.1833,5.5427,5.8387,51.5152,9.2593,22.9932,0.0,,,,51.6402,50.3333,333,366,356,364,384,372,263,348,442,403,167,,,,141,137
MiMo-V2.5-Pro,MiMo-V2.5-Pro,false,39.9169,35.6061,72.5146,35.0,26.95,10.6776,13.2994,76.1616,39.1204,42.7211,1.1429,,,,,,64,63,144,214,85,295,119,160,129,226,85,,,,,
MiMo-V2-Omni-0327 [R],MiMo-V2-Omni-0327,true,42.281,35.6061,88.0117,63.6667,18.4833,60.1309,20.4356,85.4545,39.4676,67.3469,0.8571,,,73.9306,,,49,63,76,77,197,34,75,58,120,81,99,,,41,,
MiMo-V2.5-Pro [R],MiMo-V2.5-Pro,true,53.5605,43.1818,94.152,73.3333,22.6,75.4522,33.7813,86.5657,50.2315,79.8639,4.0,2.4336,38.2298,,,,15,29,32,10,143,10,21,47,21,10,43,22,8,,,
MiMo-V2-Flash,MiMo-V2-Flash,false,27.9657,25.7576,83.9181,31.3333,15.2167,24.8673,8.0167,65.5556,25.9259,39.932,0.0,,,,40.2116,67.6667,114,129,104,230,279,129,201,258,326,254,167,,,,178,100
MiMo-V2-Omni [R],MiMo-V2-Omni,true,40.9529,34.8485,91.2281,66.6667,18.6833,55.5852,19.9259,82.8283,36.6898,53.5374,1.1429,,,69.8844,,,54,71,59,46,194,43,80,89,172,144,85,,,69,,
MiMo-V2.5 [R],MiMo-V2.5,true,52.5223,41.6667,90.6433,62.6667,17.2667,67.8485,25.1622,84.9495,43.0556,67.1429,3.7143,,,75.4335,,,18,38,62,85,229,22,56,62,65,83,44,,,27,,
Qwen Chat 14B,Qwen Chat 14B,false,,,,,,,,,,,,,,,,,,,,,,,,,,,,,,,,
MiMo-V2-Flash (Feb 2026) [R],MiMo-V2-Flash (Feb 2026),true,27.0767,31.0606,93.2749,64.3333,20.1667,51.6075,20.0185,83.5354,38.3102,71.8367,2.8571,,,,,,123,99,42,71,173,48,79,83,144,49,53,,,,,
ERNIE 4.5 300B A47B,ERNIE 4.5 300B A47B,false,,6.0606,0.0,2.3333,18.6833,32.8961,3.5218,81.1111,31.4815,39.1156,0.0,,,,46.6667,41.3333,,264,398,358,194,100,472,106,247,265,167,,,,159,150
ERNIE 5.0 Thinking Preview [R],ERNIE 5.0 Thinking Preview,true,14.4386,25.0,83.9181,6.6667,21.9167,15.4109,12.6506,77.6768,37.5,41.3605,1.4286,,,64.5665,81.164,85.0,180,132,107,338,156,224,130,138,157,241,73,,,97,24,46
Sarvam 105B (high) [R],Sarvam 105B (high),true,11.8953,1.5152,46.7836,0.0,17.5667,6.4699,10.1483,73.8384,26.3889,34.3537,0.0,,,,,,201,339,201,364,220,361,165,182,320,315,167,,,,,
Sarvam 30B (high) [R],Sarvam 30B (high),true,-7.1467,2.2727,34.5029,0.0,12.6667,2.9962,7.0436,63.3333,19.213,26.4626,0.2857,,,,,,303,319,234,364,323,397,224,271,384,384,132,,,,,
Hy3-preview,Hy3-preview,false,36.3238,31.8182,67.5439,33.6667,22.35,24.34,6.3485,73.2323,39.3519,47.9592,0.2857,,,,,,71,93,161,222,145,137,244,190,124,176,132,,,,,
Hy3-preview [R],Hy3-preview,true,36.8658,34.0909,92.6901,54.6667,27.9833,13.0525,25.5329,86.6667,41.2037,63.1293,4.5714,,,,,,69,79,50,138,79,258,54,44,84,104,39,,,,,
KAT-Coder-Pro V1,KAT-Coder-Pro V1,false,15.936,9.0909,88.5965,74.0,17.4833,33.4478,33.4106,76.3636,36.5741,68.3673,0.0,,,,74.709,94.6667,176,228,73,5,224,95,24,155,176,75,167,,,,48,10
KAT-Coder-Pro V2,KAT-Coder-Pro V2,false,30.9594,49.2424,89.4737,66.0,21.9667,44.1692,15.987,85.4545,38.3102,66.6667,0.0,,,,,,102,14,68,52,155,64,103,59,144,86,167,,,,,
INTELLECT-3 [R],INTELLECT-3,true,12.503,9.0909,26.6082,32.3333,19.2333,13.021,12.0945,76.0606,39.1204,34.0136,0.2857,,,,77.672,88.0,197,228,280,228,188,259,137,161,129,320,132,,,,37,37
Motif-2-12.7B [R],Motif-2-12.7B,true,-0.8086,3.7879,46.4912,13.0,15.35,9.5885,8.202,69.4949,28.2407,57.0068,0.0,,,,65.0794,80.3333,270,296,202,313,276,315,199,222,289,125,167,,,,96,64
K2 Think V2 [R],K2 Think V2,true,5.4064,6.8182,25.4386,52.6667,15.7167,41.1113,9.4532,71.3131,32.9861,62.7891,0.0,,,,,,237,247,291,149,264,67,179,205,236,105,167,,,,,
K2-V2 (medium) [R],K2-V2 (medium),true,4.0731,8.3333,24.8538,28.0,17.3667,18.5155,4.4022,59.798,25.2315,55.102,0.0,,,,54.0741,64.6667,242,232,297,247,227,188,383,294,332,133,167,,,,135,105
K2-V2 (high) [R],K2-V2 (high),true,3.08,9.8485,27.7778,33.3333,18.2833,8.2399,9.8239,68.0808,28.588,60.1361,0.0,,,,69.418,78.3333,247,225,272,225,202,338,169,235,281,114,167,,,,75,70
K2-V2 (low) [R],K2-V2 (low),true,-6.759,4.5455,20.7602,19.0,16.0833,23.5551,3.8925,54.1414,22.338,40.9524,0.0,,,,39.2593,35.3333,300,282,331,285,254,142,439,331,366,248,167,,,,185,171
Mi:dm K 2.5 Pro [R],Mi:dm K 2.5 Pro,true,7.0905,2.2727,86.5497,9.0,16.75,11.0911,7.6923,70.101,33.1597,49.3197,0.0,,,,65.6085,76.6667,229,319,87,329,243,284,208,213,230,166,167,,,,91,75
HyperCLOVA X SEED Think (32B) [R],HyperCLOVA X SEED Think (32B),true,8.9727,12.1212,87.4269,11.6667,14.6333,20.9293,5.468,61.5152,28.3565,37.8912,0.0,,,,62.8571,59.0,214,207,79,319,291,161,278,281,287,281,167,,,,106,116
LongCat Flash Lite,LongCat Flash Lite,false,16.8618,10.6061,79.5322,25.6667,13.1,4.2578,6.0241,63.6364,28.3565,43.0612,0.0,,,,,,168,217,123,253,316,386,257,268,287,220,167,,,,,
Tri-21B-think Preview [R],Tri-21B-think Preview,true,-8.1491,2.2727,93.2749,14.6667,8.7333,29.8576,5.7461,53.8384,17.7833,47.1429,0.0,,,,,,312,319,42,308,361,110,268,333,397,182,167,,,,,
Tri-21B-Think [R],Tri-21B-Think,true,-6.3819,0.7576,80.9942,11.0,11.9667,14.5021,6.1168,60.101,17.3611,54.6259,0.2857,,,,,,297,351,117,324,333,238,251,292,400,136,132,,,,,
Nanbeige4.1-3B [R],Nanbeige4.1-3B,true,-7.2007,0.0,21.6374,0.0,9.5833,43.023,10.0093,84.9495,26.5984,35.4422,0.0,,,,,,304,366,321,364,355,66,168,62,317,305,167,,,,,
Apertus 70B Instruct,Apertus 70B Instruct,false,,0.0,12.8655,0.0,13.1667,21.382,5.468,27.1717,5.6713,25.8503,0.0,,,,,,,366,375,364,315,158,278,476,461,389,167,,,,,
Apertus 8B Instruct,Apertus 8B Instruct,false,,0.0,11.4035,0.0,10.25,5.3296,4.9583,25.5556,4.0509,22.381,0.0,,,,,,,366,381,364,349,373,318,483,467,407,167,,,,,
MiniCPM5-1B [R],MiniCPM5-1B,true,-13.0762,0.0,80.9942,3.6667,1.7333,81.3263,6.5338,27.7778,4.3981,49.3197,0.0,,,,,,369,366,117,356,401,7,238,473,464,166,167,,,,,
MiniCPM5-1B,MiniCPM5-1B,false,-13.4474,0.0,82.4561,4.6667,0.0667,99.1494,4.5876,26.8687,1.3889,35.1701,0.0,,,,,,376,366,113,352,404,1,364,478,487,307,167,,,,,
MiniCPM-V 4.6 1.3B,MiniCPM-V 4.6 1.3B,false,-12.1975,0.0,87.7193,6.3333,6.1833,3.1622,4.912,30.5051,2.0833,26.7347,0.0,,,37.9191,,,360,366,77,344,384,394,326,456,484,383,167,,,184,,
Trinity Large Thinking [R],Trinity Large Thinking,true,18.2757,22.7273,90.0585,33.0,22.75,13.3549,14.6895,75.1515,36.1111,56.2585,0.8571,,,,,,159,147,66,227,138,253,112,169,185,130,99,,,,,
JT-35B-Flash,JT-35B-Flash,false,28.8069,28.7879,99.1228,55.3333,24.5167,36.7189,6.1168,82.9293,29.0509,42.0408,0.0,,,,,,110,111,1,132,115,84,251,87,274,230,167,,,,,
JT-MINI,JT-MINI,false,16.6216,18.1818,92.9825,11.6667,13.9333,8.7723,6.5802,67.5758,27.1991,36.6667,0.0,,,,,,170,168,45,319,303,330,236,238,305,293,167,,,,,
GLM-5.1 [R],GLM-5.1,true,51.7515,43.1818,97.6608,62.3333,24.2,70.6245,28.0352,86.7677,43.75,76.2585,4.5714,,40.2542,,,,20,29,7,89,120,18,39,43,59,23,39,,5,,,
GLM-5.1,GLM-5.1,false,49.6114,35.6061,97.076,44.3333,25.7167,36.5717,25.6256,83.9394,36.1111,51.9728,0.0,,,,,,27,63,11,180,99,85,52,79,185,152,167,,,,,
GLM 5V Turbo [R],GLM 5V Turbo,true,41.5033,32.5758,98.538,61.0,29.1333,32.1025,15.848,80.9091,43.5185,61.0884,0.5714,,,72.7746,,,51,88,3,94,67,104,104,109,61,110,115,,,50,,
GLM-5-Turbo [R],GLM-5-Turbo,true,49.833,33.3333,98.538,60.6667,29.0333,37.8347,25.3939,84.7475,43.6343,73.1973,0.2857,,,,,,25,83,3,98,69,82,55,65,60,42,132,,,,,
Command A,Command A,false,-11.3185,0.7576,15.2047,18.0,15.7167,23.8481,4.557,52.7273,28.125,36.4626,0.0,,,,28.6772,13.0,349,351,363,288,264,140,369,339,291,296,167,,,,232,225
Command A+ [R],Command A+,true,20.9336,25.0,80.7018,46.0,8.85,85.9206,11.3531,76.0606,37.8472,73.9456,0.2857,,,63.237,,,152,132,119,173,360,2,147,161,150,38,132,,,106,,
Tiny Aya Global,Tiny Aya Global,false,,0.0,0.0,0.0,5.65,4.2219,5.2363,30.5051,3.588,20.1361,0.0,,,,,,,366,398,364,388,388,288,456,472,417,167,,,,,
Apriel-v1.6-15B-Thinker [R],Apriel-v1.6-15B-Thinker,true,3.5376,14.3939,69.2982,50.3333,16.95,9.111,9.7776,73.3333,37.2685,69.1156,0.2857,,,,80.7407,88.0,243,193,153,162,237,324,170,187,161,69,132,,,,27,37
Jamba 1.7 Mini,Jamba 1.7 Mini,false,-11.2955,0.0,12.5731,12.6667,11.4,3.3296,4.4949,32.2222,9.2593,31.3605,0.0,,,,6.1376,0.3333,348,366,376,316,336,393,375,448,442,354,167,,,,329,262
Jamba Reasoning 3B [R],Jamba Reasoning 3B,true,-12.2821,0.7576,15.7895,7.0,6.6,14.0435,4.5876,33.3333,5.9028,52.449,0.0,,,,20.9524,10.6667,363,351,360,335,381,244,364,437,460,149,167,,,,265,229
Jamba 1.7 Large,Jamba 1.7 Large,false,-10.8847,2.2727,13.4503,17.3333,19.7167,6.2487,3.7998,38.9899,18.75,35.1701,0.0,,,,18.0952,2.3333,339,319,371,293,183,364,448,415,386,307,167,,,,274,256
Qwen3.7 Max [R],Qwen3.7 Max,true,52.2776,50.7576,94.7368,69.0,30.1167,77.057,38.0908,92.3232,48.8426,80.5442,13.4286,,42.467,,,,19,13,28,30,62,9,12,6,29,8,8,,3,,,
Qwen3.6 35B A3B,Qwen3.6 35B A3B,false,36.2766,25.7576,85.0877,56.6667,17.0667,7.2749,12.5116,81.7172,1.2731,36.1905,0.0,,,71.0405,,,72,129,95,123,233,351,132,101,488,300,167,,,59,,
Qwen3 Next 80B A3B [R],Qwen3 Next 80B A3B,true,11.2535,9.8485,41.5205,60.3333,17.3667,17.7894,11.6775,75.8586,38.7731,60.6803,0.0,,,,78.4127,84.3333,203,225,216,101,227,202,142,165,135,112,167,,,,34,51
Qwen3 Omni 30B A3B [R],Qwen3 Omni 30B A3B,true,-0.2193,3.7879,21.345,0.0,14.8167,11.3285,7.2753,72.6263,30.5556,43.4014,0.0,,,60.2312,67.9365,74.0,266,296,325,364,286,281,214,195,255,214,167,,,123,82,81
Qwen3.7 Plus [R],Qwen3.7 Plus,true,51.0861,46.9697,92.9825,65.0,22.2,74.5073,33.4106,90.0,45.4861,77.9592,9.1429,22.4189,,44.7977,,,21,17,45,64,148,14,24,20,47,15,19,12,,168,,
Qwen3.6 27B [R],Qwen3.6 27B,true,45.2141,34.8485,94.152,68.6667,19.2167,51.7227,21.5941,84.2424,39.8148,67.551,1.1429,,,74.6243,,,41,71,32,33,189,47,72,73,114,79,85,,,35,,
Qwen3.6 35B A3B [R],Qwen3.6 35B A3B,true,39.9415,34.8485,95.3216,63.6667,18.8833,50.2979,20.1576,84.1414,35.7639,64.3537,0.2857,,,75.0289,,,62,71,22,77,192,50,77,76,194,99,132,,,31,,
Qwen3.5 122B A10B [R],Qwen3.5 122B A10B,true,30.7808,31.0606,93.5673,66.6667,24.7333,14.5483,23.4476,85.6566,42.0139,75.7143,0.5714,,,74.9711,,,103,99,40,46,113,237,62,55,78,28,115,,,33,,
Qwen3.5 122B A10B,Qwen3.5 122B A10B,false,30.5888,29.5455,84.5029,56.0,18.6,10.9337,14.8285,82.7273,35.6481,50.8163,0.8571,,,70.289,,,106,110,101,126,196,288,110,92,199,158,99,,,64,,
Qwen3.5 2B,Qwen3.5 2B,false,-13.1206,3.7879,81.5789,13.6667,7.4,2.5558,4.8656,43.8384,7.1725,29.1156,0.0,,,42.659,,,371,296,115,311,374,400,331,385,454,367,167,,,177,,
Qwen3.5 9B [R],Qwen3.5 9B,true,10.724,24.2424,86.8421,59.0,15.9,18.6484,13.2994,80.6061,27.5463,66.7347,0.2857,,,69.2486,,,204,138,84,105,257,187,119,113,302,85,132,,,70,,
Qwen3.5 0.8B [R],Qwen3.5 0.8B,true,-11.1909,0.0,47.6608,5.3333,1.0833,63.3361,1.2048,11.1111,0.0,21.4966,0.0,,,25.8382,,,345,366,198,349,402,30,495,498,491,413,167,,,195,,
Qwen3.5 397B A17B [R],Qwen3.5 397B A17B,true,34.5235,40.9091,95.614,65.6667,31.35,10.9493,27.2938,89.2929,42.0139,78.7755,1.7061,15.3392,34.0866,77.2832,,,81,41,18,58,57,287,42,25,78,14,72,14,13,21,,
Qwen3.5 397B A17B,Qwen3.5 397B A17B,false,35.9779,35.6061,83.9181,58.0,24.3333,20.1542,18.7674,86.0606,41.088,51.6327,0.8571,,,52.659,,,74,63,104,116,117,170,87,50,85,154,99,,,149,,
Qwen3.5 Omni Flash,Qwen3.5 Omni Flash,false,19.8566,8.3333,84.5029,44.0,14.45,6.39,7.0899,74.2424,25.463,37.9592,0.0,,,64.7399,,,157,232,101,182,293,362,223,179,330,280,167,,,96,,
Qwen3.5 9B,Qwen3.5 9B,false,17.1947,18.1818,85.0877,38.0,14.1,1.2224,8.6191,78.5859,27.6822,37.8231,0.5714,,,66.763,,,167,168,95,203,299,403,190,129,300,282,115,,,85,,
Qwen3 Next 80B A3B,Qwen3 Next 80B A3B,false,6.415,7.5758,21.6374,51.3333,17.6333,6.8393,7.2753,73.8384,30.6713,39.6599,0.0,,,,68.3598,66.3333,232,239,321,155,217,356,214,182,253,257,167,,,,80,102
Qwen3.6 27B,Qwen3.6 27B,false,44.2215,21.2121,93.5673,55.0,16.9833,15.9607,13.5774,82.9293,37.2685,45.7143,0.8571,,,71.7341,,,46,153,40,136,235,217,117,87,161,192,99,,,55,,
Qwen3 Coder Next,Qwen3 Coder Next,false,20.6176,18.1818,79.5322,40.0,15.8167,9.0873,9.3142,73.7374,32.2917,35.2381,0.0,,,,,,154,168,123,196,262,325,180,185,240,306,167,,,,,
Qwen3.5 4B,Qwen3.5 4B,false,8.4141,11.3636,87.7193,28.3333,11.4167,2.7658,7.4606,71.2121,18.287,33.2653,0.0,,,62.0809,,,218,212,77,244,335,399,211,207,393,328,167,,,113,,
Qwen3 Omni 30B A3B,Qwen3 Omni 30B A3B,false,-10.2654,1.5152,16.3743,0.0,14.4167,2.3174,5.0973,62.0202,18.6343,31.1565,0.0,,,55.4913,42.2222,52.3333,331,339,356,364,295,401,307,278,389,357,167,,,139,171,134
Qwen3.6 Plus [R],Qwen3.6 Plus,true,42.6573,43.9394,97.6608,69.6667,26.2333,68.0298,25.7183,88.1818,40.7407,75.1701,2.8571,,,77.9769,,,48,26,7,23,93,21,51,33,93,35,53,,,19,,
Qwen3.5 4B [R],Qwen3.5 4B,true,0.4919,18.1818,92.1053,55.6667,12.7833,20.2561,7.8313,77.0707,16.1012,51.9728,0.0,,,65.3757,,,257,168,53,127,319,169,204,147,412,152,167,,,89,,
Qwen3.5 2B [R],Qwen3.5 2B,true,-9.0234,3.7879,69.0058,23.6667,4.6833,45.2702,2.0853,45.5556,2.7778,31.4966,0.0,,,43.0058,,,319,296,155,263,394,62,494,380,477,350,167,,,175,,
Qwen3.5 0.8B,Qwen3.5 0.8B,false,-13.3415,0.0,65.2047,6.6667,4.8333,1.4011,4.8656,23.6364,2.8935,21.5646,0.0,,,25.6647,,,374,366,167,338,393,402,331,488,476,412,167,,,196,,
Qwen3.5 35B A3B,Qwen3.5 35B A3B,false,27.3733,10.6061,86.2573,55.3333,15.6667,7.9051,12.7896,81.9192,29.2824,44.4898,0.5714,,,69.1908,,,118,217,89,132,268,342,127,100,270,202,115,,,73,,
Qwen3.5 Omni Plus,Qwen3.5 Omni Plus,false,34.2806,21.2121,88.3041,52.6667,17.4167,64.0161,13.9018,82.6263,40.5093,51.1565,0.5633,,,70.5202,,,82,153,75,149,226,28,115,94,98,157,131,,,62,,
Ring-flash-2.0 [R],Ring-flash-2.0,true,,7.5758,0.0,21.0,16.3,10.4341,8.9435,72.5253,16.7824,43.2653,0.2776,,,,62.7513,83.6667,,239,398,274,247,303,185,197,405,216,166,,,,107,52
Ling-2.6-1T,Ling-2.6-1T,false,27.3144,31.0606,89.7661,34.6667,21.45,7.7658,8.2484,75.1515,37.037,56.8707,0.2857,,,,,,120,99,67,217,159,344,195,169,166,127,132,,,,,
Ling-mini-2.0,Ling-mini-2.0,false,-11.9891,0.7576,13.1579,6.6667,8.7,4.1986,5.0046,56.1616,13.5417,23.6054,0.0,,,,42.8571,49.3333,356,351,373,338,362,389,316,319,420,400,167,,,,167,140
Ring-2.6-1T [R],Ring-2.6-1T,true,31.1116,28.7879,92.3977,64.3333,25.0667,16.1699,18.2576,85.6566,42.3611,44.5578,3.7143,,,,,,101,111,52,71,108,212,91,55,74,200,44,,,,,
Ling 2.6 Flash,Ling 2.6 Flash,false,14.1682,21.2121,85.9649,25.0,15.3833,4.1954,6.2095,59.2929,27.0833,57.415,0.0,,,,,,182,153,92,255,275,390,250,297,308,123,167,,,,,
Doubao Seed Code [R],Doubao Seed Code,true,24.2974,26.5152,58.1871,65.3333,25.0667,20.5961,13.253,76.3636,40.7407,51.4286,0.2857,,,68.0925,76.6138,79.3333,142,123,180,60,108,164,121,155,93,155,132,,,81,43,69
o1 [R],o1,true,11.7884,12.8788,62.5731,59.3333,34.6833,30.7476,7.7496,74.7475,35.7639,70.3401,0.2857,,,,67.9365,,202,203,172,103,51,107,206,178,194,64,132,,,,82,
o1-preview [R],o1-preview,true,,,,,,,,,,,,,,,,,,,,,,,,,,,,,,,,
o1-mini [R],o1-mini,true,,,,,,,4.918,60.303,32.2917,,,,,,57.5661,,,,,,,,324,290,240,,,,,,124,
GPT-4o (Aug),GPT-4o (Aug),false,-6.0823,8.3333,28.9474,35.0,23.6667,40.5459,2.9061,52.1212,33.1019,35.9864,0.0,,,56.3006,31.746,,295,232,264,214,130,69,489,342,231,304,167,,,137,211,
GPT-4o (May),GPT-4o (May),false,,,,,,,2.7571,52.6263,30.9028,,,,,,33.4392,,,,,,,,492,340,251,,,,,,204,
GPT-4 Turbo,GPT-4 Turbo,false,,,,,,,3.3159,,31.9444,,,,,,29.1005,,,,,,,,483,,244,,,,,,226,
GPT-4o (Nov),GPT-4o (Nov),false,-7.5964,8.3333,25.1462,0.0,19.6833,62.1083,3.2787,54.3434,33.3333,34.2857,0.0,,,,30.8995,6.0,306,232,294,364,184,31,484,329,226,317,167,,,,215,243
GPT-4o mini,GPT-4o mini,false,,,,,,,4.0238,42.6263,22.9167,30.9524,,,,41.5029,23.3862,14.6667,,,,,,,426,395,356,359,,,,180,256,217
GPT-3.5 Turbo,GPT-3.5 Turbo,false,,,,,,,,29.697,,,,,,,,,,,,,,,,462,,,,,,,,
GPT-4.1 nano,GPT-4.1 nano,false,-9.074,3.7879,17.2515,17.0,13.3,19.5886,3.9241,51.2121,25.9259,32.0408,0.0,,,40.1156,32.5926,24.0,320,296,353,296,313,177,436,352,326,341,167,,,181,207,198
GPT-5.4 (Non-reasoning),GPT-5.4 (Non-reasoning),false,42.1166,37.8788,35.0877,47.3333,36.75,16.7852,10.5653,74.8485,47.1065,48.4354,0.5714,,18.9,70.578,,,50,51,230,170,46,206,156,176,33,172,115,,23,60,,
GPT-5.4 (low) [R],GPT-5.4 (low),true,50.1461,43.1818,74.5614,67.3333,47.3833,18.9104,28.9157,87.0707,50.3472,65.9184,7.4286,,,77.9769,,,24,29,136,39,12,184,33,40,19,91,27,,,19,,
GPT-5.4 (xhigh) [R],GPT-5.4 (xhigh),true,58.6816,57.5758,87.1345,74.0,49.9833,11.3629,41.6126,92.0202,56.5972,73.9456,23.4286,33.2596,34.5,78.4393,,,7,4,81,5,11,279,5,9,2,38,3,3,12,17,,
GPT-5.2 Codex (xhigh) [R],GPT-5.2 Codex (xhigh),true,39.4172,37.1212,92.1053,75.6667,40.7,27.1782,33.4569,89.899,54.6296,77.619,8.6694,,,76.3006,,,66,58,53,1,30,117,23,21,6,17,21,,,23,,
GPT-5.1 Codex (high) [R],GPT-5.1 Codex (high),true,34.5822,34.8485,83.0409,67.3333,39.2,25.6305,23.4013,85.9596,40.162,70.0,5.7143,,,72.4855,84.8677,95.6667,80,71,112,39,33,126,63,52,105,66,32,,,54,15,7
GPT-5 nano (minimal),GPT-5 nano (minimal),false,-11.0484,6.8182,25.731,20.0,11.0333,15.68,4.0778,42.8283,29.0509,32.517,0.0,,,31.7919,46.9841,27.3333,341,247,290,279,343,220,419,391,274,338,167,,,189,157,188
o3-mini (high) [R],o3-mini (high),true,12.3559,6.0606,31.2865,39.3333,21.0333,21.0215,12.3323,77.2727,39.7856,67.1429,0.2857,,,,73.4392,,198,264,252,201,161,160,134,144,116,83,132,,,,55,
GPT-5 mini (high) [R],GPT-5 mini (high),true,34.1947,33.3333,68.4211,68.0,23.95,45.9128,19.7405,82.8283,39.2361,75.4422,0.0,,,70.0578,83.8095,90.6667,85,83,156,35,126,60,82,89,127,32,167,,,66,18,23
o3-mini [R],o3-mini,true,,6.8182,28.655,,,,8.7183,74.8485,39.9306,,,,,,71.746,,,247,265,,,,188,176,109,,,,,,61,
GPT-4.1,GPT-4.1,false,13.818,13.6364,47.076,61.0,24.1833,20.3781,4.557,66.5657,38.0787,42.9932,0.0,,,61.2139,45.7143,34.6667,187,199,199,94,121,166,369,248,148,221,167,,,120,163,173
GPT-5 (high) [R],GPT-5 (high),true,39.6764,32.5758,84.7953,75.6,40.65,17.8882,26.506,85.3535,42.9398,73.0612,5.7143,,,74.2197,84.5503,94.3333,65,88,97,2,31,200,46,60,67,43,32,,,39,16,12
GPT-5.2 (xhigh) [R],GPT-5.2 (xhigh),true,48.3697,46.9697,84.7953,72.6667,43.8,20.2847,35.4495,90.303,52.0833,75.4422,11.551,,,,88.8889,99.0,31,17,97,13,23,168,18,18,14,32,13,,,,6,1
GPT-5.1 (high) [R],GPT-5.1 (high),true,36.3591,45.4545,81.8713,75.0,37.5833,48.6782,26.4597,87.2727,43.287,72.8571,4.8571,,,75.4913,86.7725,94.0,70,24,114,3,42,57,47,39,63,44,37,,,26,9,14
GPT-4o (Mar),GPT-4o (Mar),false,,,,,,,4.9553,65.4545,36.5741,,,,,,42.5397,25.6667,,,,,,,322,260,176,,,,,,168,194
GPT-4.5 (Preview),GPT-4.5 (Preview),false,,,,,,,,,,,,,,,,,,,,,,,,,,,,,,,,
GPT-5 Codex (high) [R],GPT-5 Codex (high),true,35.7276,37.8788,86.8421,69.0,38.6667,25.9239,25.5792,83.7374,40.8565,74.1497,5.1429,,,73.815,84.0212,98.6667,75,51,84,30,36,123,53,81,91,37,34,,,42,17,2
GPT-5 (medium) [R],GPT-5 (medium),true,25.0158,37.8788,86.5497,72.8,38.8667,19.9291,23.494,84.1751,41.088,70.6122,0.0,,,74.3353,70.2646,91.6667,136,51,87,12,35,171,61,75,85,62,167,,,38,68,18
GPT-4,GPT-4,false,,,,,,,,,,,,,,,,,,,,,,,,,,,,,,,,
GPT-5.2,GPT-5.2,false,36.0915,31.8182,46.4912,38.0,29.2833,39.194,7.3216,71.2121,40.3935,47.415,0.5714,,,65.8382,66.8783,51.0,73,93,202,203,65,77,213,207,100,179,115,,,87,86,136
GPT-5 (low) [R],GPT-5 (low),true,32.4782,26.5152,84.2105,58.6667,37.4333,24.1609,18.3503,80.8081,39.1204,66.5986,1.1429,,,73.7572,76.2963,83.0,94,123,103,111,44,138,90,112,129,87,85,,,43,45,55
o4-mini (high) [R],o4-mini (high),true,25.4089,15.1515,55.5556,55.0,24.6333,19.8806,17.5112,78.3838,46.5278,68.7075,0.5714,,,69.2486,85.9259,90.6667,130,189,181,136,114,173,95,132,40,73,115,,,70,12,23
GPT-5.2 (medium) [R],GPT-5.2 (medium),true,45.2071,43.1818,74.269,63.3333,37.7333,39.4272,24.9305,86.3636,46.1806,65.2381,7.8571,,,74.5665,89.418,96.6667,42,29,137,81,40,75,58,49,42,93,26,,,36,4,4
GPT-5 nano (medium) [R],GPT-5 nano (medium),true,4.6805,17.4242,30.4094,40.0,16.1,51.1522,7.646,66.9697,33.7963,65.9184,0.0,,,58.2081,76.2963,78.3333,238,174,257,196,252,49,209,245,221,91,167,,,131,45,70
GPT-4.1 mini,GPT-4.1 mini,false,6.0139,7.5758,52.924,42.3333,17.5,18.0202,4.5992,66.3636,40.3935,38.2993,0.0,,,58.7283,48.254,46.3333,234,239,188,190,222,197,362,250,100,273,167,,,128,152,146
GPT-4o (ChatGPT),GPT-4o (ChatGPT),false,,,,53.0,,,3.7258,51.1111,33.4491,,,,,,,,,,,148,,,453,353,225,,,,,,,
GPT-5 mini (minimal),GPT-5 mini (minimal),false,-1.4421,14.3939,31.8713,35.6667,18.1833,11.6317,4.9583,68.6869,36.9213,45.5782,0.0,,,58.3815,54.4974,46.6667,276,193,247,212,206,276,318,228,168,193,167,,,130,132,143
GPT-5 mini (medium) [R],GPT-5 mini (medium),true,25.0924,28.7879,71.0526,66.0,22.2,57.605,14.5968,80.303,40.9722,71.1565,1.4286,,,68.8439,69.2063,85.0,135,111,148,52,148,38,113,114,88,57,73,,,77,77,46
GPT-5 (minimal),GPT-5 (minimal),false,-5.7561,18.1818,66.9591,25.0,28.0667,13.7859,5.4217,67.2727,38.7731,45.5782,0.0,,,62.0809,55.7672,31.6667,291,168,162,255,77,246,280,240,135,193,167,,,113,127,178
o3-pro [R],o3-pro,true,,,,,,,,84.5455,,,,,,,,,,,,,,,,69,,,,,,,,
GPT-5.1,GPT-5.1,false,25.0,22.7273,46.4912,44.0,29.0667,9.7509,5.2363,64.3434,36.4583,43.1973,0.0,,,62.3699,49.418,38.0,138,147,202,182,68,312,288,264,180,218,167,,,109,150,162
GPT-5 nano (high) [R],GPT-5 nano (high),true,12.7393,12.1212,36.5497,41.6667,18.2833,43.6671,8.2484,67.5758,36.5741,67.551,0.0,,,60.9827,78.9418,83.6667,195,207,226,192,202,65,195,238,176,79,167,,,121,31,52
o1-pro [R],o1-pro,true,,,,,,,,,,,,,,,,,,,,,,,,,,,,,,,,
GPT-5 (ChatGPT),GPT-5 (ChatGPT),false,,12.8788,0.0,63.6667,,,5.7924,68.5859,37.8472,45.034,,,,,54.2857,48.3333,,203,398,77,,,266,230,150,198,,,,,133,141
GPT-5.1 Codex mini (high) [R],GPT-5.1 Codex mini (high),true,27.5947,33.3333,62.8655,62.6667,22.7167,49.2344,16.9138,81.3131,42.5926,67.8912,0.0,,,69.0173,83.5979,91.6667,116,83,171,85,139,55,101,103,71,77,167,,,76,19,18
Llama 3.1 70B,Llama 3.1 70B,false,-10.7956,3.0303,15.2047,6.3333,19.3833,25.2843,4.62,40.9091,26.7361,34.4218,0.0,,,,23.1746,4.0,337,312,363,344,186,128,360,405,313,314,167,,,,260,249
Llama 3.1 8B,Llama 3.1 8B,false,-11.1526,0.7576,16.3743,15.6667,8.0667,58.2306,5.1477,25.8586,13.1944,28.5714,0.0,,,,11.6402,4.3333,344,351,356,302,368,37,301,481,423,371,167,,,,304,247
Llama 3.2 3B,Llama 3.2 3B,false,,,21.0526,2.0,,,5.2161,25.4545,5.2083,26.1905,,,,,8.254,3.3333,,,328,359,,,294,484,462,387,,,,,321,251
Llama 3 70B,Llama 3 70B,false,,0.7576,0.0,0.0,17.65,13.4993,4.3964,37.8788,18.8598,37.0748,0.0,,,,19.7884,,,351,398,364,216,249,384,419,385,287,167,,,,268,
Llama 3 8B,Llama 3 8B,false,,0.0,0.0,0.0,9.8,12.0288,5.1043,29.596,11.9403,24.5578,0.0,,,,9.6296,,,366,398,364,353,272,304,463,424,396,167,,,,316,
Llama 3.2 1B,Llama 3.2 1B,false,,0.0,0.0,5.0,6.9333,33.2199,5.2906,19.596,1.7361,22.7891,0.0,,,,1.9048,0.0,,366,398,351,376,96,285,496,485,405,167,,,,337,264
Llama 2 Chat 13B,Llama 2 Chat 13B,false,,,,,,,4.7317,32.1212,11.8056,,,,,,9.8413,,,,,,,,347,449,428,,,,,,314,
Llama 2 Chat 70B,Llama 2 Chat 70B,false,,,,,,,5.0298,32.7273,,,,,,,9.8413,,,,,,,,315,443,,,,,,,314,
Llama 2 Chat 7B,Llama 2 Chat 7B,false,,,,,,,5.8122,22.7273,0.0,,,,,,0.2116,,,,,,,,265,493,491,,,,,,341,
Gemini 2.0 Pro Experimental,Gemini 2.0 Pro Experimental,false,,,,,,,6.7809,62.2222,31.25,,,,,,34.709,,,,,,,,231,277,248,,,,,,198,
Gemini 2.0 Flash (exp),Gemini 2.0 Flash (exp),false,,,,,,,4.6572,63.6364,34.0278,,,,,,20.9524,,,,,,,,353,268,219,,,,,,265,
Gemini 1.5 Pro (Sep),Gemini 1.5 Pro (Sep),false,,,,,,,4.8808,58.8889,29.5139,,,,,55.0289,31.6402,,,,,,,,329,300,267,,,,,142,213,
Gemini 2.0 Flash-Lite (Preview),Gemini 2.0 Flash-Lite (Preview),false,,,,,,,4.3964,54.2424,24.6528,,,,,,17.8836,,,,,,,,384,330,338,,,,,,276,
Gemini 2.0 Flash,Gemini 2.0 Flash,false,3.3106,3.7879,29.5322,28.3333,23.5833,13.4569,5.3279,62.3232,33.3333,40.2041,0.0,,,,33.4392,21.6667,244,296,260,244,131,250,284,275,226,253,167,,,,204,204
Gemini 1.5 Flash (Sep),Gemini 1.5 Flash (Sep),false,,,,,,,3.4599,46.2626,26.7361,,,,,48.3815,27.3016,,,,,,,,475,378,313,,,,,160,240,
Gemini 1.5 Flash-8B,Gemini 1.5 Flash-8B,false,,,,,,,4.5455,35.8586,22.9167,,,,,36.5318,21.6931,,,,,,,,371,424,356,,,,,188,262,
Gemma 3 27B,Gemma 3 27B,false,-10.722,3.7879,10.5263,5.6667,12.4833,10.4552,4.6945,42.8283,21.1806,31.8367,0.0,,,48.0347,13.6508,20.6667,336,296,387,347,325,302,352,391,371,345,167,,,162,295,207
Gemini 3 Flash [R],Gemini 3 Flash,true,35.1924,38.6364,80.4094,66.3333,54.0,7.7536,34.6617,89.798,50.5787,77.9592,8.5714,27.7286,,79.9422,90.7937,97.0,76,49,121,48,7,345,20,22,18,15,22,9,,9,2,3
Gemini 2.0 Flash-Lite (Feb),Gemini 2.0 Flash-Lite (Feb),false,,,,,,,3.6287,53.5354,25.0,,,,,,18.5185,,,,,,,,465,335,335,,,,,,273,
Gemini 3 Flash,Gemini 3 Flash,false,30.7801,31.8182,43.2749,48.0,45.5167,9.8195,14.1335,81.2121,49.8843,55.102,1.4286,,,78.5549,79.6825,55.6667,104,93,213,168,18,310,114,105,24,133,73,,,15,30,127
Gemma 3 12B,Gemma 3 12B,false,-11.0322,0.7576,10.8187,6.6667,10.2167,2.8773,4.769,34.9495,17.3611,36.7347,0.0,,,37.5145,13.6508,18.3333,340,351,385,338,350,398,341,429,400,291,167,,,186,295,211
Gemini 2.5 Flash-Lite (Sep),Gemini 2.5 Flash-Lite (Sep),false,-5.9957,7.5758,30.4094,48.0,14.2833,33.5602,4.6339,65.0505,28.4722,41.8367,0.0,,,63.4104,64.127,46.6667,293,239,257,168,297,94,357,262,283,233,167,,,103,100,143
Gemini 2.5 Flash [R],Gemini 2.5 Flash,true,,,,,,,11.5612,69.798,35.8796,,,,,,50.4762,,,,,,,,145,219,191,,,,,,148,
Gemini 2.5 Flash,Gemini 2.5 Flash,false,12.0455,12.1212,14.9123,45.9,26.5333,6.6924,5.0604,68.2828,29.0509,38.9796,1.4286,,,65.4913,49.5238,60.3333,199,207,365,175,91,357,312,232,274,267,73,,,88,149,115
Gemma 3 1B,Gemma 3 1B,false,,0.0,10.5263,0.0,3.5833,16.1452,5.2363,23.7374,0.6944,19.932,0.0,,,,1.6931,3.3333,,366,387,364,399,213,288,487,490,418,167,,,,339,251
Gemma 3 4B,Gemma 3 4B,false,-12.2758,0.7576,4.9708,5.6667,7.8,1.175,5.2161,29.0909,7.2917,28.2993,0.0,,,29.9422,11.2169,12.6667,362,351,395,347,371,404,294,466,453,373,167,,,191,309,226
Gemma 3n E4B,Gemma 3n E4B,false,-12.8347,2.2727,4.9708,0.0,7.75,4.4444,4.4486,29.596,8.1019,27.8912,0.0,,,26.2428,14.6032,14.3333,368,319,395,364,372,385,378,463,449,375,167,,,194,290,218
Gemini 3 Pro Preview (high) [R],Gemini 3 Pro Preview (high),true,34.2208,41.6667,87.1345,70.6667,55.9,9.0703,37.2104,90.8081,56.1343,70.4082,9.1429,,,80.1734,91.746,95.6667,84,38,81,18,3,327,13,16,3,63,19,,,7,1,7
Gemini 2.5 Flash,Gemini 2.5 Flash,false,,,,,,,4.9553,59.3939,23.2639,,,,,61.9653,40.6349,,,,,,,,322,295,351,,,,,115,173,
Gemini 2.5 Flash-Lite [R],Gemini 2.5 Flash-Lite,true,-9.0964,4.5455,18.4211,51.3333,17.55,24.5806,6.4411,62.5253,19.3287,49.8639,0.0,,,58.2081,59.2593,53.3333,321,282,349,155,221,132,241,274,383,163,167,,,131,117,133
Gemini 2.0 Flash Thinking exp. (Dec) [R],Gemini 2.0 Flash Thinking exp. (Dec),true,,,,,,,,,,,,,,,,,,,,,,,,,,,,,,,,
Gemma 3n E2B,Gemma 3n E2B,false,,0.7576,0.0,0.0,6.65,7.6236,3.9852,22.9293,5.2083,22.0408,0.0,,,,9.5238,10.3333,,351,398,364,379,349,431,491,462,409,167,,,,318,230
Gemini 2.5 Flash (Sep) [R],Gemini 2.5 Flash (Sep),true,28.5875,16.6667,45.614,64.3333,28.9,10.5251,12.7433,79.2929,40.5093,52.3129,0.2857,,,73.1214,71.3228,78.3333,111,181,206,71,71,300,129,121,98,150,132,,,48,63,70
Gemma 3n E4B (May),Gemma 3n E4B (May),false,,,,,,,4.912,27.7778,8.5648,,,,,,13.7566,,,,,,,,326,473,447,,,,,,294,
Gemini 2.0 Flash Thinking exp. (Jan) [R],Gemini 2.0 Flash Thinking exp. (Jan),true,,,,,,,7.1162,70.101,32.8622,,,,,,32.0635,,,,,,,,222,213,238,,,,,,209,
Gemini 3 Pro Preview (low) [R],Gemini 3 Pro Preview (low),true,33.3629,34.0909,68.1287,67.3333,47.0667,15.1448,27.6182,88.6869,49.8843,49.6599,0.0,,,,85.7143,86.6667,91,79,158,39,13,228,41,29,24,165,167,,,,13,43
Gemini 2.5 Pro (May) [R],Gemini 2.5 Pro (May),true,,,,,,,15.4008,82.2222,41.5509,,,,,,77.037,,,,,,,,106,97,83,,,,,,39,
Gemini 1.5 Pro (May),Gemini 1.5 Pro (May),false,,,,,,,3.8748,37.0707,27.3591,,,,,,24.4444,,,,,,,,442,421,304,,,,,,254,
Gemini 2.5 Flash-Lite,Gemini 2.5 Flash-Lite,false,-9.8389,2.2727,19.0058,31.3333,15.3167,14.6034,3.7071,47.3737,17.7083,31.4966,0.0,,,53.9884,40.0,35.3333,326,319,345,230,278,236,455,368,398,350,167,,,144,180,171
Gemini 2.5 Flash [R],Gemini 2.5 Flash,true,9.9102,13.6364,31.5789,61.6667,25.0833,29.3437,11.1421,78.9899,39.3519,50.2721,1.1429,,,69.0751,69.5238,73.3333,208,199,249,91,107,112,149,125,124,161,85,,,75,72,84
Gemini 1.5 Flash (May),Gemini 1.5 Flash (May),false,,,,,,,4.2101,32.4242,18.0556,,,,,,19.5767,,,,,,,,410,446,394,,,,,,269,
Gemini 1.0 Ultra,Gemini 1.0 Ultra,false,,,,,,,,,,,,,,,,,,,,,,,,,,,,,,,,
Gemini 1.0 Pro,Gemini 1.0 Pro,false,,,,,,,4.5827,27.6768,11.6898,,,,,,11.6402,,,,,,,,367,475,432,,,,,,304,
PALM-2,PALM-2,false,,,,,,,,,,,,,,,,,,,,,,,,,,,,,,,,
Gemini 2.5 Flash (Sep),Gemini 2.5 Flash (Sep),false,17.5829,14.3939,28.3626,56.6667,26.65,11.7019,7.8313,76.5657,37.5,43.5374,0.0,,,70.2312,62.5397,56.6667,165,193,266,123,89,275,204,153,157,213,167,,,65,108,123
Gemini 2.5 Flash-Lite (Sep) [R],Gemini 2.5 Flash-Lite (Sep),true,-3.2724,12.8788,30.7018,59.0,18.0333,13.2371,6.6265,70.9091,28.7037,52.585,0.0,,,64.9711,68.7831,68.6667,283,203,254,105,211,254,234,210,280,148,167,,,92,78,96
Gemini 2.5 Pro (Mar) [R],Gemini 2.5 Pro (Mar),true,,,,,,,17.1309,83.6364,39.4676,,,,,,77.7778,,,,,,,,98,82,120,,,,,,36,
Claude 3.5 Sonnet (Oct),Claude 3.5 Sonnet (Oct),false,,,,,,,3.9121,59.899,36.5741,,,,,,38.0952,,,,,,,,438,293,176,,,,,,187,
Claude 3.5 Sonnet (June),Claude 3.5 Sonnet (June),false,,,,,,,3.6513,55.9596,31.5972,,,,,,,,,,,,,,463,321,245,,,,,,,
Claude 3 Opus,Claude 3 Opus,false,,,,,,,3.1297,48.8889,23.2639,,,,,,27.9365,,,,,,,,487,363,351,,,,,,235,
Claude 3.5 Haiku,Claude 3.5 Haiku,false,10.3896,2.2727,24.5614,23.3333,12.9667,58.4642,3.465,40.8081,27.4306,42.7891,0.0,,,45.6069,31.4286,,207,319,301,265,317,36,473,406,303,225,167,,,167,214,
Claude 3 Sonnet,Claude 3 Sonnet,false,,,,,,,3.8376,40.0,22.9167,,,,,,17.4603,,,,,,,,444,411,356,,,,,,278,
Claude 3 Haiku,Claude 3 Haiku,false,-6.0945,0.7576,21.0526,21.0,17.1667,21.7505,3.8925,37.3737,18.6343,36.1224,0.0,,,30.8092,15.4497,,296,351,328,274,231,155,439,420,389,303,167,,,190,287,
Claude Instant,Claude Instant,false,,,,,,,3.8003,33.0303,,,,,,,10.8995,,,,,,,,446,441,,,,,,,312,
Claude Opus 4.5,Claude Opus 4.5,false,45.9681,40.9091,86.2573,65.3333,40.7333,24.6063,12.9286,81.0101,46.9907,42.9932,0.2857,,,71.2139,73.7566,62.6667,37,41,89,60,29,131,126,108,34,221,132,,,57,51,110
Claude Opus 4.6 (max) [R],Claude Opus 4.6 (max),true,55.9352,46.2121,92.1053,70.6667,46.3833,38.6696,36.7366,89.596,51.8519,53.1293,12.5714,33.0383,,75.4335,,,12,20,53,18,15,81,15,23,15,146,11,4,,27,,
Claude 4.5 Sonnet [R],Claude 4.5 Sonnet,true,40.8952,35.6061,78.0702,65.6667,32.3833,52.6004,17.2845,83.4343,44.6759,57.2789,1.1429,,,68.7283,71.4286,88.0,55,63,128,58,56,45,97,84,51,124,85,,,79,62,37
Claude 4.5 Sonnet,Claude 4.5 Sonnet,false,40.2995,28.7879,70.4678,51.3333,27.5167,49.3447,7.1362,72.7273,42.8241,42.6531,0.0,,,65.2023,59.0476,37.0,60,111,150,155,82,54,220,192,68,227,167,,,91,120,165
Claude 3.7 Sonnet,Claude 3.7 Sonnet,false,27.3445,21.2121,50.0,48.3333,28.3,47.6523,4.769,65.5556,37.6157,44.0136,0.0,,,60.0578,39.3651,21.0,119,153,193,165,75,59,341,258,155,209,167,,,124,184,206
Claude 4.1 Opus [R],Claude 4.1 Opus,true,,34.3352,71.3661,66.3333,,,11.8911,80.9,40.8979,55.4422,0.0,,,67.9191,65.3545,80.3333,,78,147,48,,,140,111,90,131,167,,,82,93,64
Claude 3.7 Sonnet [R],Claude 3.7 Sonnet,true,27.3996,21.2121,54.6784,60.6667,28.0333,61.4868,10.2832,77.1717,40.2778,48.2993,0.8571,,,,47.3016,56.3333,117,153,182,98,78,32,161,145,103,173,99,,,,154,124
Claude 4.1 Opus,Claude 4.1 Opus,false,,,,,,,,,,,,,,,,,,,,,,,,,,,,,,,,
Claude 4 Sonnet,Claude 4 Sonnet,false,31.2373,27.2727,52.3392,44.3333,22.4333,59.1749,3.9852,68.2828,37.2685,45.3741,1.1429,,,62.3699,44.8677,38.0,99,119,190,180,144,35,431,232,161,196,85,,,109,164,162
Claude 4 Sonnet [R],Claude 4 Sonnet,true,31.6544,31.0606,64.6199,64.6667,22.3333,71.4807,9.5922,77.6768,40.0463,54.6939,0.2857,,,61.7919,65.5026,74.3333,98,99,168,69,146,16,176,138,106,135,132,,,118,92,80
Claude 4 Opus [R],Claude 4 Opus,true,,31.0606,73.3918,33.6667,,,11.6775,79.596,39.8148,53.7415,,,,,63.5979,73.3333,,99,141,222,,,142,119,114,142,,,,,104,84
Claude 4 Opus,Claude 4 Opus,false,,,,36.0,,,5.9314,70.101,40.8565,43.2653,,,,,54.1799,36.3333,,,,209,,,259,213,91,216,,,,,134,169
Claude Opus 4.6 (high),Claude Opus 4.6 (high),false,54.4988,48.4848,84.7953,58.3333,45.15,24.0049,18.6284,84.0404,45.7176,44.6259,2.8408,,,72.5434,,,14,16,97,114,20,139,88,77,44,199,59,,,53,,
Claude Opus 4.5 [R],Claude Opus 4.5,true,47.5826,46.9697,89.4737,74.0,45.7167,40.2211,28.3596,86.5657,49.537,57.9592,4.5714,,,74.0462,87.0899,91.3333,33,17,68,5,17,72,35,47,27,119,39,,,40,8,20
Claude 2.1,Claude 2.1,false,,,,,,,4.2474,31.9192,18.4028,,,,,,19.4709,,,,,,,,402,450,391,,,,,,270,
Claude 2.0,Claude 2.0,false,,,,,,,,34.4444,19.4444,,,,,,17.1429,,,,,,,,,431,382,,,,,,280,
Mistral Large 2 (Nov),Mistral Large 2 (Nov),false,-8.8382,6.0606,30.7018,5.3333,20.1333,32.1578,4.0238,48.5859,29.1667,31.2245,0.0,,,,29.3122,14.0,318,264,254,349,176,103,426,364,272,356,167,,,,224,219
Mistral Large 2 (Jul),Mistral Large 2 (Jul),false,,,33.0409,1.6667,,,3.2042,47.1717,27.0833,31.6327,,,,,26.6667,0.0,,,242,362,,,486,370,308,348,,,,,243,264
Pixtral Large,Pixtral Large,false,,,36.5497,10.3333,,,3.614,50.5051,29.1667,34.4898,,,,50.578,26.1376,2.3333,,,226,326,,,467,355,272,313,,,,153,247,256
Mistral Small 3,Mistral Small 3,false,,,19.5906,0.0,,,4.0984,46.1616,23.6111,26.3946,,,,,25.1852,4.3333,,,339,364,,,417,379,349,385,,,,,250,247
Mistral Small (Sep),Mistral Small (Sep),false,,,,,,,4.3219,38.0808,15.625,,,,,,14.0741,,,,,,,,392,418,413,,,,,,292,
Mixtral 8x22B,Mixtral 8x22B,false,,,,,,,4.0611,33.2323,18.75,,,,,,14.8148,,,,,,,,421,438,386,,,,,,289,
Mistral Small (Feb),Mistral Small (Feb),false,,,,,,,4.3964,30.202,13.4259,,,,,,11.1111,,,,,,,,384,458,421,,,,,,310,
Mistral Large (Feb),Mistral Large (Feb),false,,,,,,,3.4277,35.0505,20.8333,,,,,,17.7778,,,,,,,,477,428,376,,,,,,277,
Mixtral 8x7B,Mixtral 8x7B,false,,,,,,,4.5455,29.1919,2.7778,,,,,,6.5608,,,,,,,,371,465,477,,,,,,327,
Mistral 7B,Mistral 7B,false,,,0.0,0.0,7.9333,21.0355,4.3219,17.6768,2.4306,19.932,0.0,,,,4.5503,,,,398,364,370,159,392,497,482,418,167,,,,332,
Devstral Small (May),Devstral Small (May),false,16.4338,6.0606,38.0117,26.6667,15.85,13.4482,3.9926,43.4343,24.537,31.6327,0.0,,,,25.8201,,172,264,222,250,260,251,428,386,340,348,167,,,,248,
Mistral Medium 3.1,Mistral Medium 3.1,false,14.0266,10.6061,40.6433,19.6667,19.7667,18.6955,4.4486,58.7879,33.7963,39.7959,0.0,,,54.1618,40.6349,38.3333,184,217,219,283,182,186,378,302,221,256,167,,,143,173,161
Mistral Small 3.2,Mistral Small 3.2,false,-9.8493,6.8182,29.5322,17.3333,14.6667,23.7305,4.3095,50.5051,26.3889,33.4694,0.0,,,47.9769,27.5132,27.0,327,247,260,293,289,141,395,355,320,325,167,,,163,238,190
Magistral Medium 1 [R],Magistral Medium 1,true,8.2999,9.0909,23.0994,0.0,20.7167,40.5508,9.5459,67.8788,29.6875,25.102,0.2857,,,,52.6984,40.3333,221,228,309,364,168,68,177,237,264,393,132,,,,138,156
Mistral Small 3.1,Mistral Small 3.1,false,-8.1903,7.5758,25.1462,19.6667,15.0,23.1569,4.7679,45.3535,26.5046,29.932,0.0,,,,21.164,3.6667,313,239,294,283,282,145,346,381,318,364,167,,,,264,250
Mistral Saba,Mistral Saba,false,,,,,,,4.0984,42.4242,24.0741,,,,,,,,,,,,,,417,397,343,,,,,,,
Devstral Small,Devstral Small,false,3.2088,6.0606,28.3626,17.0,14.6667,22.8711,3.6608,41.4141,24.3056,34.5578,0.0,,,,25.3968,29.3333,245,264,266,296,289,146,459,402,342,312,167,,,,249,185
Magistral Small 1 [R],Magistral Small 1,true,,4.5455,26.6082,0.0,18.3,24.5206,7.2289,64.1414,24.0741,24.7619,0.0,,,,51.4286,41.3333,,282,280,364,200,134,217,266,343,394,167,,,,143,150
Mistral Medium,Mistral Medium,false,,,,,,,3.3905,34.9495,11.8056,,,,,,9.9471,,,,,,,,479,429,428,,,,,,313,
Mistral Medium 3,Mistral Medium 3,false,4.2902,3.7879,24.269,28.0,18.3,39.0861,4.2616,57.7778,33.1019,39.2517,0.0,,,53.0058,40.0,30.3333,240,296,303,247,200,79,400,307,231,262,167,,,146,180,182
Devstral Medium,Devstral Medium,false,9.5205,9.0909,19.883,28.6667,19.05,37.4099,3.7535,49.1919,29.3981,29.932,0.0,,,,33.6508,4.6667,210,228,337,243,191,83,452,360,269,364,167,,,,202,246
DeepSeek R1 Distill Llama 70B [R],DeepSeek R1 Distill Llama 70B,true,,1.5152,21.9298,11.0,19.3167,18.4879,6.073,40.202,31.25,27.551,0.0,,,,26.5608,53.6667,,339,319,324,187,189,254,409,248,378,167,,,,245,131
DeepSeek R1 Distill Qwen 32B [R],DeepSeek R1 Distill Qwen 32B,true,,,,9.6667,,,5.4769,61.5152,37.5691,22.9252,,,,,26.9841,63.0,,,,327,,,277,281,156,404,,,,,241,109
DeepSeek V3 (Dec),DeepSeek V3 (Dec),false,-4.4919,6.8182,22.807,29.0,25.3667,10.6074,3.614,55.6566,35.4167,34.7619,0.0,,,,35.873,26.0,286,247,311,241,102,297,467,323,201,309,167,,,,192,193
DeepSeek R1 Distill Qwen 14B [R],DeepSeek R1 Distill Qwen 14B,true,,,,7.0,,,4.3964,48.3838,23.8683,22.1088,,,,,37.5661,55.6667,,,,335,,,384,365,347,408,,,,,190,127
DeepSeek-V2.5 (Dec),DeepSeek-V2.5 (Dec),false,,,,,,,,,,,,,,,,,,,,,,,,,,,,,,,,
DeepSeek-Coder-V2,DeepSeek-Coder-V2,false,,,,,,,,,,,,,,,,,,,,,,,,,,,,,,,,
DeepSeek R1 Distill Llama 8B [R],DeepSeek R1 Distill Llama 8B,true,,,,0.0,,,4.2474,30.202,11.8577,17.551,,,,,23.2804,41.3333,,,,364,,,402,458,427,423,,,,,257,150
DeepSeek LLM 67B (V1),DeepSeek LLM 67B (V1),false,,,,,,,,,,,,,,,,,,,,,,,,,,,,,,,,
DeepSeek R1 Distill Qwen 1.5B [R],DeepSeek R1 Distill Qwen 1.5B,true,,,,0.3333,,,3.2787,9.798,6.6225,13.1973,,,,,6.9841,22.0,,,,363,,,484,499,458,426,,,,,325,202
DeepSeek V3 0324,DeepSeek V3 0324,false,-4.6553,15.1515,47.076,41.0,22.1667,23.2548,5.2161,65.4545,35.7639,41.0204,0.0,,,,40.5291,41.0,287,189,199,193,150,144,294,260,194,247,167,,,,176,155
DeepSeek R1 (Jan) [R],DeepSeek R1 (Jan),true,-12.6104,6.0606,11.4035,52.3333,30.7167,10.4643,9.2772,70.8081,35.7143,38.9796,0.5714,,,,61.6931,68.0,367,264,381,151,60,301,182,211,198,267,115,,,,110,99
DeepSeek R1 0528 [R],DeepSeek R1 0528,true,9.0339,15.9091,36.5497,54.6667,30.95,15.9546,14.8749,81.3131,40.2778,39.5918,1.4286,,,,77.037,76.0,213,186,226,138,58,218,109,103,103,258,73,,,,39,77
DeepSeek V3.2 [R],DeepSeek V3.2,true,34.8636,35.6061,90.6433,65.0,33.4667,18.3116,22.2428,84.0404,38.8889,60.6803,2.8571,14.528,,,86.2434,92.0,78,63,62,64,54,194,69,77,133,112,53,15,,,11,17
DeepSeek V3.1 Terminus [R],DeepSeek V3.1 Terminus,true,25.1868,30.303,37.1345,65.0,27.9333,27.4977,15.2456,79.1919,40.625,57.0068,1.7143,,,,79.7884,89.6667,132,106,224,64,81,116,107,122,96,125,69,,,,29,26
DeepSeek V3.2,DeepSeek V3.2,false,18.864,32.5758,78.9474,39.0,24.1667,6.5055,10.519,75.0505,38.6574,49.0476,0.8571,,,,59.2593,59.0,158,88,126,202,122,359,158,171,137,170,99,,,,117,116
DeepSeek V3.1 [R],DeepSeek V3.1,true,5.7048,25.0,37.4269,53.3333,28.8167,19.6675,12.975,77.8788,39.1204,41.4966,2.0,,,,78.4127,89.6667,235,132,223,146,72,175,125,137,129,237,66,,,,34,26
DeepSeek V3.2 Exp,DeepSeek V3.2 Exp,false,28.3127,25.0,33.9181,43.0,22.7,9.724,8.5728,73.8384,39.9306,43.1293,1.4286,,,,55.4497,57.6667,113,132,239,188,140,313,192,182,109,219,73,,,,129,120
DeepSeek V3.1,DeepSeek V3.1,false,29.0014,24.2424,34.7953,45.0,23.1333,16.4788,6.3485,73.5354,36.6898,37.8231,0.0,,,,57.672,49.6667,108,138,232,177,134,209,244,186,172,282,167,,,,123,139
DeepSeek V3.1 Terminus,DeepSeek V3.1 Terminus,false,23.7913,31.8182,37.1345,43.3333,23.45,14.6527,8.3874,75.0505,32.0602,41.2245,0.0,,,,52.9101,53.6667,144,93,224,187,132,235,193,171,243,243,167,,,,137,131
DeepSeek-V2.5,DeepSeek-V2.5,false,,,,,,,,,,,,,,,,,,,,,,,,,,,,,,,,
DeepSeek V3.2 Speciale [R],DeepSeek V3.2 Speciale,true,0.0,34.8485,0.0,59.3333,38.35,11.057,26.1353,87.0707,43.9815,63.8776,7.4286,,,,89.6296,96.6667,263,71,398,103,38,285,50,40,58,102,27,,,,3,4
DeepSeek R1 0528 Qwen3 8B [R],DeepSeek R1 0528 Qwen3 8B,true,,1.5152,0.0,13.0,12.0,13.5038,5.607,61.2121,20.3704,19.8639,0.0,,,,51.3228,63.6667,,339,398,313,331,248,275,284,379,420,167,,,,145,106
DeepSeek V3.2 Exp [R],DeepSeek V3.2 Exp,true,25.008,31.0606,33.9181,69.0,28.25,18.9082,13.8091,79.697,37.7315,54.1497,1.4286,,,,78.9418,87.6667,137,99,239,30,76,185,116,117,153,140,73,,,,31,40
DeepSeek-V2,DeepSeek-V2,false,,,,,,,,,,,,,,,,,,,,,,,,,,,,,,,,
DeepSeek Coder V2 Lite,DeepSeek Coder V2 Lite,false,,,,,,,5.2743,31.9192,13.8889,,,,,,15.7672,,,,,,,,287,450,417,,,,,,286,
Sonar Reasoning [R],Sonar Reasoning,true,,,,,,,,62.3232,,,,,,,,,,,,,,,,275,,,,,,,,
Sonar Reasoning Pro [R],Sonar Reasoning Pro,true,,,,,,,,,,,,,,,,,,,,,,,,,,,,,,,,
Sonar Pro,Sonar Pro,false,,,,,,,7.9359,57.7778,22.5694,,,,,,27.5132,,,,,,,,202,307,364,,,,,,238,
Sonar,Sonar,false,,,,,,,7.2653,47.0707,22.9167,,,,,,29.5238,,,,,,,,216,371,356,,,,,,221,
Grok Beta,Grok Beta,false,,,,,,,4.6572,47.0707,29.5139,,,,,,24.127,,,,,,,,353,371,267,,,,,,255,
Grok 3 mini Reasoning (high) [R],Grok 3 mini Reasoning (high),true,-4.0582,17.4242,90.3509,50.3333,15.4,74.6454,11.0656,79.0909,40.625,45.8503,0.5714,,,,69.6296,84.6667,285,174,65,162,274,13,151,124,96,189,115,,,,71,48
Grok 4 Fast,Grok 4 Fast,false,13.9147,12.1212,63.7427,20.0,15.9167,21.7641,4.9583,60.6061,32.8704,37.6871,0.0,,,48.0925,40.1058,41.3333,186,207,169,279,256,154,318,287,237,284,167,,,161,179,150
Grok 4 Fast [R],Grok 4 Fast,true,25.7364,18.9394,65.7895,64.6667,22.6333,34.0371,16.9601,84.7475,44.213,50.5442,2.8571,,,61.7919,83.1746,89.6667,128,163,163,69,142,92,100,65,54,160,53,,,118,20,26
Grok 4.20 0309,Grok 4.20 0309,false,20.4732,21.9697,69.5906,18.0,26.0167,7.1412,22.5209,78.4848,32.1759,47.8231,0.0,,,64.0462,,,155,150,152,288,97,353,67,130,242,177,167,,,100,,
Grok 4.1 Fast,Grok 4.1 Fast,false,14.1364,14.3939,63.7427,22.0,16.9667,18.2055,4.9583,63.7374,29.6296,36.4626,0.0,,,48.4393,39.8942,34.3333,183,193,169,269,236,195,318,267,265,296,167,,,159,182,174
Grok Code Fast 1 [R],Grok Code Fast 1,true,13.116,17.4242,75.731,48.3333,23.8167,21.4833,7.4606,72.7273,36.2269,41.3605,0.0,,,,65.7143,43.3333,191,174,132,165,129,157,211,192,184,241,167,,,,89,149
Grok 3,Grok 3,false,8.326,11.3636,48.8304,54.6667,28.3167,15.3918,5.1043,69.2929,36.8056,46.9388,0.0,,,,42.5397,58.0,220,212,196,138,74,225,304,225,170,184,167,,,,168,118
Grok 2,Grok 2,false,,,,,,,3.8003,51.0101,28.4722,,,,,,26.6667,,,,,,,,446,354,283,,,,,,243,
Grok 4.20 0309 [R],Grok 4.20 0309,true,27.162,40.9091,96.4912,59.0,28.9167,78.1243,30.0278,88.4848,44.6759,82.9252,6.0,14.233,,73.1792,,,122,41,12,105,70,8,30,30,51,2,31,17,,47,,
Grok 4.1 Fast [R],Grok 4.1 Fast,true,27.2901,24.2424,93.2749,68.0,25.3333,27.5893,17.6089,85.2525,44.213,52.7211,2.8571,,,63.2948,82.2222,89.3333,121,138,42,35,104,115,94,61,54,147,53,,,105,22,30
Grok 4.20 0309 v2 [R],Grok 4.20 0309 v2,true,33.4756,37.8788,92.9825,58.0,27.4833,83.2682,32.2057,91.1111,45.6019,81.2245,6.5714,,,74.5665,,,89,51,45,116,83,6,26,13,46,6,30,,,36,,
Grok 4.20 0309 v2,Grok 4.20 0309 v2,false,26.852,16.6667,59.9415,17.3333,26.5667,3.0867,24.1891,77.5758,32.7546,49.3197,0.2857,,,64.9133,,,125,181,176,293,90,396,59,141,239,166,132,,,93,,
Grok 4 [R],Grok 4,true,24.4814,37.8788,74.8538,68.0,41.3833,35.7976,23.911,87.6768,45.7176,53.6735,2.0,,,68.8439,81.9048,92.6667,141,51,135,35,28,86,60,35,44,143,66,,,77,23,16
Grok 3 Reasoning Beta [R],Grok 3 Reasoning Beta,true,,,,,,,,,,,,,,,,,,,,,,,,,,,,,,,,
OpenChat 3.5,OpenChat 3.5,false,,,,,,,4.8435,23.0303,,,,,,,11.5344,,,,,,,,336,490,,,,,,,307,
Nova Pro,Nova Pro,false,-5.6569,6.0606,14.0351,19.0,17.0333,22.1173,3.4277,49.899,20.8333,38.0952,0.0,,,44.3353,23.2804,7.0,290,264,369,285,234,151,477,357,376,275,167,,,172,257,237
Nova Lite,Nova Lite,false,-7.8489,0.7576,17.5439,17.6667,9.7333,44.4424,4.5827,43.3333,13.8889,34.1497,0.0,,,37.8035,16.7196,7.0,309,351,352,291,354,63,367,387,417,319,167,,,185,282,237
Phi-3 Mini,Phi-3 Mini,false,,0.0,0.0,2.0,,,4.4337,31.9192,9.0278,23.8776,,,,,11.6402,0.3333,,366,398,359,,,382,450,445,399,,,,,304,262
LFM 40B,LFM 40B,false,,,,,,,4.8808,32.7273,7.0602,,,,,,9.6296,,,,,,,,329,443,455,,,,,,316,
LFM2 1.2B,LFM2 1.2B,false,-11.4406,0.0,12.5731,0.0,4.2833,20.7035,5.6997,22.8283,2.5463,21.9728,0.0,,,,2.0106,3.3333,350,366,376,364,396,163,272,492,480,410,167,,,,336,251
Solar Mini,Solar Mini,false,,,20.1754,,,,,,,,,,,,,,,,336,,,,,,,,,,,,,
Solar Pro 2 ,Solar Pro 2 ,false,,,,,,,3.7998,54.4444,27.1991,,,,,,38.5185,,,,,,,,448,328,305,,,,,,186,
Solar Pro 2 [R],Solar Pro 2,true,,,,,,,5.7461,57.7778,16.4352,,,,,,46.2434,,,,,,,,268,307,409,,,,,,162,
DBRX,DBRX,false,,,,,,,6.5946,33.1313,11.8056,,,,,,9.3122,,,,,,,,235,439,428,,,,,,319,
MiniMax-M2.5 [R],MiniMax-M2.5,true,33.8152,34.8485,95.3216,66.0,26.2,10.7046,19.1381,84.8485,42.5926,71.6327,1.1429,,,,,,86,71,22,52,94,294,85,64,71,50,85,,,,,
MiniMax-M2 [R],MiniMax-M2,true,26.5636,25.7576,86.8421,61.0,22.0167,11.5837,12.4652,77.6768,36.1111,72.3129,0.8571,,,,82.6455,78.3333,126,129,84,94,153,277,133,138,185,47,99,,,,21,70
MiniMax-M2.1 [R],MiniMax-M2.1,true,29.5585,28.7879,85.3801,59.0,20.4667,32.9841,22.1965,83.0303,40.7407,69.8639,0.2857,,,,80.9524,82.6667,107,111,94,105,171,99,70,86,93,67,132,,,,25,56
MiniMax M1 80k [R],MiniMax M1 80k,true,24.8307,3.0303,34.2105,54.3333,21.0833,13.1996,8.2484,69.697,37.3843,41.7687,0.0,,,,71.1111,61.0,139,312,238,141,160,255,195,221,159,235,167,,,,64,114
MiniMax M1 40k [R],MiniMax M1 40k,true,,2.2727,31.5789,51.6667,,,7.507,68.1818,37.8472,41.2245,,,,,65.7143,13.6667,,319,249,154,,,210,234,150,243,,,,,89,222
Llama 3.3 Nemotron Super 49B [R],Llama 3.3 Nemotron Super 49B,true,,0.0,26.9006,17.0,16.9,9.4665,6.5201,64.3434,28.2407,38.0952,0.0,,,,27.7249,54.6667,,366,279,296,239,319,239,264,289,275,167,,,,236,130
Llama 3.3 Nemotron Super 49B,Llama 3.3 Nemotron Super 49B,false,,0.0,,11.3333,13.4667,27.0223,3.5395,51.7172,22.9167,39.4558,0.0,,,,28.0423,7.6667,,366,,323,311,118,471,343,356,261,167,,,,233,234
Llama 3.1 Nemotron Nano 4B v1.1 [R],Llama 3.1 Nemotron Nano 4B v1.1,true,,,11.6959,0.0,,,5.0973,40.8081,10.0694,25.5102,,,,,49.3122,50.0,,,380,364,,,307,406,438,391,,,,,151,138
Kimi K2 Thinking [R],Kimi K2 Thinking,true,24.6391,31.0606,92.9825,66.3333,30.0167,27.84,22.3355,83.8384,42.3611,68.0952,2.5714,,,,85.291,94.6667,140,99,45,48,63,114,68,80,74,76,60,,,,14,10
Kimi K2.5 [R],Kimi K2.5,true,39.2178,34.8485,95.9064,65.3333,34.3167,35.3971,29.3791,87.8788,48.9583,70.2041,3.1429,11.5044,,75.3757,,,67,71,14,60,53,88,32,34,28,65,49,19,,29,,
Kimi K2.5,Kimi K2.5,false,38.297,18.9394,81.2865,59.0,22.9,52.1401,12.2799,78.8889,39.5833,43.6735,0.5714,,,73.0636,,,68,163,116,105,137,46,135,127,117,211,115,,,49,,
Kimi K2 0905,Kimi K2 0905,false,18.2077,23.4848,73.3918,52.3333,25.4333,30.3979,6.3485,76.6667,30.6713,41.7007,0.0,,,,60.9524,57.3333,161,145,141,151,100,108,244,152,253,236,167,,,,114,121
Kimi K2,Kimi K2,false,1.3092,15.9091,61.1111,51.0,26.8167,25.7572,6.9972,76.5657,34.4907,41.4966,0.0,,,,55.5556,57.0,252,186,174,159,87,125,225,153,213,237,167,,,,128,122
Step 3.5 Flash [R],Step 3.5 Flash,true,27.6831,27.2727,94.4444,43.0,23.9,14.8489,19.1381,83.1313,40.3747,64.5578,2.4694,,,,,,115,119,31,188,128,233,85,85,102,97,63,,,,,
Tulu3 405B,Tulu3 405B,false,,,,,,,3.465,51.6162,30.2083,,,,,,29.1005,,,,,,,,473,345,259,,,,,,226,
OLMo 2 7B,OLMo 2 7B,false,,0.0,0.0,0.0,,,5.5144,28.7879,3.7037,24.4218,,,,,4.127,0.6667,,366,398,364,,,276,469,471,397,,,,,333,261
OLMo 2 32B,OLMo 2 32B,false,,0.0,0.0,0.0,,,3.6608,32.8283,7.9861,38.0952,,,,,6.7725,3.3333,,366,398,364,,,459,442,450,275,,,,,326,251
Olmo 3 32B Think [R],Olmo 3 32B Think,true,,1.5152,0.0,0.0,14.45,14.8451,5.9314,61.0101,28.588,49.1156,0.0,,,,67.1958,73.6667,,339,398,364,293,234,259,286,281,169,167,,,,85,82
Granite 3.3 8B,Granite 3.3 8B,false,-13.8049,0.0,10.5263,4.3333,8.5333,6.906,4.2169,33.8384,10.0694,22.449,0.0,,,,12.6984,6.6667,378,366,387,353,364,355,406,435,438,406,167,,,,298,239
Reka Flash,Reka Flash,false,,,,,,,,,,,,,,,,,,,,,,,,,,,,,,,,
Hermes 3 - Llama-3.1 70B,Hermes 3 - Llama-3.1 70B,false,,,,,,,4.0506,40.101,23.1481,,,,,,18.836,,,,,,,,423,410,354,,,,,,272,
MiMo-V2-Flash [R],MiMo-V2-Flash,true,28.9702,28.0303,95.0292,63.0,24.9167,8.9456,21.1307,84.6465,39.3519,64.2177,4.2857,,,,86.7725,96.3333,109,118,25,83,112,328,73,67,126,101,42,,,,9,6
MiMo-V2-Pro [R],MiMo-V2-Pro,true,45.2946,40.9091,95.0292,60.6667,26.8167,70.0752,28.3133,86.9697,42.4769,68.8435,0.2857,,,,,,40,41,25,98,87,19,36,42,73,71,132,,,,,
Sarvam M [R],Sarvam M,true,,2.2727,0.0,0.0,14.8333,9.4912,3.3364,41.6162,17.8241,31.8367,0.0,,,,29.5238,,,319,398,364,285,318,481,400,396,346,167,,,,221,
GLM-4.6 [R],GLM-4.6,true,26.5393,25.0,70.4678,54.3333,27.3167,4.9989,13.3457,77.9798,38.4259,43.4014,1.1429,,,,69.5238,86.0,127,132,150,141,84,377,118,136,142,214,85,,,,72,44
GLM-4.6V [R],GLM-4.6V,true,5.4399,14.3939,31.5789,40.3333,15.6167,50.1086,8.8508,71.9192,30.4398,30.068,0.0,,,48.5549,15.9788,85.3333,236,193,249,195,269,52,187,200,257,363,167,,,158,284,45
GLM-4.7,GLM-4.7,false,33.7978,30.303,94.152,36.3333,23.9167,7.7327,6.1168,66.3636,35.4167,54.6259,0.0,,,,56.1905,48.0,87,106,32,207,127,347,251,250,201,136,167,,,,125,142
GLM-5,GLM-5,false,41.1872,39.3939,97.3684,37.0,22.6833,56.1328,7.1826,66.5657,38.3102,55.1701,0.0,,,,,,53,46,10,206,141,41,218,248,144,132,167,,,,,
GLM-4.7 [R],GLM-4.7,true,34.2231,31.8182,95.9064,64.0,29.2667,9.7078,25.1158,85.8586,45.1389,67.8912,1.7102,,,,89.418,95.0,83,93,14,75,66,314,57,53,49,77,71,,,,4,9
GLM-5 [R],GLM-5,true,44.692,43.1818,98.2456,63.3333,26.8667,65.9982,27.2475,82.0202,46.1806,72.3129,2.0,14.4543,,,,,43,29,6,81,86,25,43,99,42,47,66,16,,,,
GLM-4.5 [R],GLM-4.5,true,-1.6109,21.9697,42.9825,48.3333,24.95,32.8448,12.2335,78.1818,34.838,44.0816,0.0,,,,73.7566,73.6667,277,150,214,165,111,102,136,134,207,208,167,,,,51,82
GLM-4.6,GLM-4.6,false,24.247,28.7879,76.9006,26.3333,20.7833,33.8733,5.2363,63.2323,33.1019,36.7347,0.0,,,,56.0847,44.3333,143,111,130,251,166,93,288,272,231,291,167,,,,126,147
GLM-4.5V,GLM-4.5V,false,-2.0303,6.8182,19.5906,0.0,17.9,13.0126,3.5681,57.2727,18.75,28.6395,0.0,,,42.7746,35.2381,15.3333,278,247,339,364,213,260,469,312,386,370,167,,,176,195,215
GLM-4.5-Air [R],GLM-4.5-Air,true,2.9666,20.4545,46.4912,43.6667,15.5,7.6726,6.8119,73.3333,30.5556,37.551,0.0,,,,68.3598,80.6667,248,159,202,184,273,348,228,187,255,285,167,,,,80,62
GLM-4.7-Flash [R],GLM-4.7-Flash,true,16.8539,21.9697,98.8304,35.0,15.9,10.543,7.1362,58.0808,33.6806,60.8163,0.2857,,,,,,169,150,2,214,257,299,220,305,223,111,132,,,,,
GLM-4.5V [R],GLM-4.5V,true,0.4923,5.303,22.5146,0.0,20.6167,19.1476,5.9314,68.3838,22.1065,34.2177,0.0,,,50.4624,60.4233,73.0,256,275,313,364,169,181,259,231,367,318,167,,,154,115,86
GLM-4.6V,GLM-4.6V,false,9.6011,3.0303,30.7018,12.3333,17.5,32.8889,3.6608,56.5657,27.1991,27.8912,0.0,,,42.1965,41.0582,26.3333,209,312,254,317,222,101,459,318,305,375,167,,,178,172,192
GLM-4.7-Flash,GLM-4.7-Flash,false,15.0819,3.7879,91.8129,14.6667,11.9833,15.6788,4.8656,45.1515,25.463,46.2585,0.0,,,,,,179,296,56,308,332,221,331,383,330,186,167,,,,,
Command-R+ (Apr),Command-R+ (Apr),false,,,,,,,4.5455,32.3232,11.8056,,,,,,12.1693,,,,,,,,371,447,428,,,,,,302,
Command-R (Mar),Command-R (Mar),false,,,,,,,4.769,28.3838,6.25,,,,,,4.7619,,,,,,,,341,470,459,,,,,,330,
Apriel-v1.5-15B-Thinker [R],Apriel-v1.5-15B-Thinker,true,,10.6061,68.4211,20.0,16.1,14.3226,12.0482,71.3131,34.838,61.7007,1.1429,,,57.052,72.8042,87.5,,217,156,279,252,241,138,205,207,108,85,,,134,57,42
Jamba 1.5 Large,Jamba 1.5 Large,false,,,,,,,3.9866,42.7273,16.3194,,,,,,14.2857,,,,,,,,429,393,411,,,,,,291,
Jamba 1.5 Mini,Jamba 1.5 Mini,false,,,,,,,5.0633,30.202,7.9861,,,,,,6.2434,,,,,,,,311,458,450,,,,,,328,
Jamba 1.6 Mini,Jamba 1.6 Mini,false,,,,,,,4.6414,30.0,10.0694,,,,,,7.0899,,,,,,,,356,461,438,,,,,,324,
Jamba 1.6 Large,Jamba 1.6 Large,false,,,,,,,3.9662,38.6869,18.4028,,,,,,17.2487,,,,,,,,435,416,391,,,,,,279,
Arctic,Arctic,false,,,,,,,,,,,,,,,,,,,,,,,,,,,,,,,,
Qwen2.5 Max,Qwen2.5 Max,false,,,,,,,4.5082,58.6869,33.6806,,,,,,35.873,,,,,,,,374,303,223,,,,,,192,
Qwen2.5 72B,Qwen2.5 72B,false,,4.5455,34.5029,20.3333,17.5833,15.3084,4.2474,49.0909,26.7361,36.8707,0.0,,,,27.619,14.0,,282,234,278,219,226,402,361,313,290,167,,,,237,219
Qwen2.5 Coder 32B,Qwen2.5 Coder 32B,false,,,,,,,3.8397,41.7172,27.0833,,,,,,29.5238,,,,,,,,443,399,308,,,,,,221,
Qwen2.5 Turbo,Qwen2.5 Turbo,false,,,,,,,4.2101,41.0101,15.2778,,,,,,16.2963,,,,,,,,410,404,414,,,,,,283,
Qwen2 72B,Qwen2 72B,false,,,,,,,3.6513,37.0707,22.9167,,,,,,15.873,,,,,,,,463,421,356,,,,,,285,
QwQ-32B [R],QwQ-32B,true,,,,25.0,,,8.234,59.2929,35.7639,38.7755,,,,,63.0688,29.0,,,,255,,,198,297,194,270,,,,,105,186
Qwen3 VL 235B A22B,Qwen3 VL 235B A22B,false,6.7844,6.8182,35.0877,31.6667,20.1667,11.2735,6.2558,71.2121,35.8796,42.6531,0.0,,,67.5723,59.3651,70.6667,231,247,230,229,173,282,248,207,191,227,167,,,83,116,92
Qwen3 32B [R],Qwen3 32B,true,-0.5292,3.0303,29.8246,0.0,17.2667,18.05,8.3085,66.7677,35.4167,36.3265,0.2857,,,,54.6032,73.0,269,312,259,364,229,196,194,246,201,298,132,,,,130,86
Qwen3 32B,Qwen3 32B,false,,,,0.0,,,4.346,53.5354,28.0093,31.4966,,,,,28.7831,19.6667,,,,364,,,391,335,294,350,,,,,230,208
Qwen3 235B [R],Qwen3 235B,true,12.8016,6.0606,23.9766,0.0,18.4,22.8145,11.7362,70.0,39.9306,38.7075,0.0,,,,62.2222,82.0,193,264,304,364,199,148,141,216,109,271,167,,,,109,60
Qwen3.5 27B [R],Qwen3.5 27B,true,32.9664,32.5758,93.8596,67.3333,20.9667,20.3079,22.1965,85.7576,39.4676,75.5782,0.8531,,35.4991,75.0289,,,93,88,37,39,164,167,70,54,120,30,113,,10,31,,
Qwen3 VL 30B A3B [R],Qwen3 VL 30B A3B,true,8.3534,5.303,19.883,40.6667,16.85,10.8038,8.7118,72.0202,28.8194,45.102,0.0,,,61.8497,69.7354,82.3333,219,275,337,194,241,291,189,199,278,197,167,,,117,70,58
Qwen3 14B [R],Qwen3 14B,true,-1.0475,3.7879,34.5029,0.0,14.95,24.5346,4.3038,60.404,31.5972,40.5442,0.0,,,,52.2751,55.6667,272,296,234,364,283,133,397,289,245,249,167,,,,140,127
Qwen3 235B,Qwen3 235B,false,11.932,6.0606,27.193,0.0,18.2,12.9992,4.7257,61.3131,29.8611,36.5986,0.0,,,,34.2857,23.6667,200,264,277,364,205,261,350,283,262,294,167,,,,201,200
Qwen3.5 35B A3B [R],Qwen3.5 35B A3B,true,20.3368,26.5152,89.1813,62.6667,20.45,15.9858,19.7405,84.5455,37.7315,72.517,0.8571,,21.516,72.659,,,156,123,70,85,172,216,82,69,153,45,99,,22,52,,
Qwen3 VL 32B,Qwen3 VL 32B,false,-9.9997,8.3333,29.2398,31.3333,14.8667,8.751,6.2558,67.0707,30.0926,39.1837,0.0,,,64.2775,51.4286,68.3333,330,232,262,230,284,332,248,243,261,263,167,,,99,143,98
Qwen3 235B 2507,Qwen3 235B 2507,false,13.9583,15.1515,33.3333,31.2,16.7833,29.2409,10.5653,75.2525,35.9954,46.0544,0.0,,,,52.381,71.6667,185,189,241,233,242,113,156,168,188,188,167,,,,139,90
Qwen3 Coder 480B,Qwen3 Coder 480B,false,0.3158,18.9394,43.5673,42.3333,14.7167,56.7129,4.3559,61.8182,35.8796,40.4762,0.0,,,,58.5185,39.3333,260,163,211,190,288,40,389,279,191,252,167,,,,122,157
Qwen3 Coder 30B A3B,Qwen3 Coder 30B A3B,false,10.5789,15.1515,34.5029,29.0,15.8333,20.7723,3.9852,51.6162,27.7778,32.6531,0.0,,,,40.3175,29.0,206,189,234,241,261,162,431,345,298,337,167,,,,177,186
Qwen3 235B A22B 2507 [R],Qwen3 235B A22B 2507,true,15.9875,13.6364,53.2164,67.0,23.0833,10.7692,15.0139,78.9899,42.3611,51.2245,0.0,,,,78.836,91.0,175,199,186,43,135,292,108,125,74,156,167,,,,33,21
Qwen3 VL 30B A3B,Qwen3 VL 30B A3B,false,-0.2263,6.0606,19.0058,23.6667,15.5167,7.0625,6.3948,69.4949,30.787,33.1293,0.0,,,62.1387,47.619,72.3333,267,264,345,263,272,354,242,222,252,329,167,,,111,153,88
Qwen3 4B,Qwen3 4B,false,,,,,,,3.7258,39.798,16.6667,,,,,,23.2804,,,,,,,,453,414,407,,,,,,257,
Qwen3 8B,Qwen3 8B,false,-1.3363,2.2727,24.8538,0.0,10.35,5.8003,2.7943,45.1515,16.7824,28.5714,0.0,,,,20.2116,24.3333,274,319,297,364,345,369,491,382,405,371,167,,,,267,197
Qwen3 30B [R],Qwen3 30B,true,0.3713,2.2727,26.0234,0.0,16.1333,19.7138,6.5574,61.6162,28.4722,41.4966,0.0,,,,50.582,72.3333,259,319,287,364,251,174,237,280,283,237,167,,,,147,88
Qwen3 0.6B,Qwen3 0.6B,false,-11.1169,0.0,14.6199,0.0,4.2167,6.2989,5.1788,23.1313,4.0509,21.9048,0.0,,,,7.3016,10.3333,343,366,366,364,397,363,299,489,467,411,167,,,,323,230
Qwen3 Max Thinking (Preview) [R],Qwen3 Max Thinking (Preview),true,22.4157,17.4242,83.6257,57.6667,27.95,8.6977,11.9555,77.5758,38.6574,53.8095,0.0,,,,53.545,82.3333,148,174,109,118,80,333,139,141,137,141,167,,,,136,58
Qwen3 4B [R],Qwen3 4B,true,,,19.0058,0.0,,,5.1043,52.2222,3.4722,32.517,,,,,46.455,22.3333,,,345,364,,,304,341,474,338,,,,,160,201
Qwen1.5 Chat 110B,Qwen1.5 Chat 110B,false,,,,,,,,28.8889,,,,,,,,,,,,,,,,467,,,,,,,,
Qwen3 4B 2507 [R],Qwen3 4B 2507,true,4.4669,1.5152,25.4386,37.6667,12.65,15.8939,5.8851,66.6667,25.5787,49.7959,0.0,,,,64.127,82.6667,239,339,291,205,324,219,262,247,329,164,167,,,,100,56
Qwen3 1.7B,Qwen3 1.7B,false,-12.3538,0.0,21.6374,0.0,6.6,3.5689,5.2161,28.2828,6.9444,21.0884,0.0,,,,12.5926,7.3333,364,366,321,364,381,392,294,471,456,414,167,,,,299,236
Qwen3 VL 32B [R],Qwen3 VL 32B,true,7.3353,7.5758,45.614,55.3333,16.75,19.5796,9.6386,73.3333,28.4722,59.3878,0.0,,,63.4104,73.7566,84.6667,227,239,206,132,243,178,174,187,283,115,167,,,103,51,48
Qwen3 VL 235B A22B [R],Qwen3 VL 235B A22B,true,10.7066,11.3636,54.0936,58.6667,20.7667,17.48,10.0556,77.1717,39.9306,56.4626,0.0,,,68.7283,64.5503,88.3333,205,212,184,111,167,203,167,145,109,129,167,,,79,98,35
Qwen3 8B [R],Qwen3 8B,true,-0.1681,2.2727,27.7778,0.0,12.7833,10.7395,4.1729,58.8889,22.5694,33.4694,0.0,,,,40.6349,19.0,265,319,272,364,319,293,413,300,364,325,167,,,,173,210
Qwen3 0.6B [R],Qwen3 0.6B,true,-9.3034,0.0,21.0526,0.0,5.5167,7.6028,5.7004,23.9394,2.7778,23.3333,0.0,,,,12.0635,18.0,323,366,328,364,389,350,271,486,477,402,167,,,,303,212
Qwen3 VL 8B [R],Qwen3 VL 8B,true,8.4471,3.7879,22.5146,31.0,20.0833,9.2805,3.3364,57.8788,21.875,39.8639,0.2857,,,56.6474,35.3439,30.6667,217,296,313,234,177,323,481,306,369,255,132,,,136,194,180
Qwen3 1.7B [R],Qwen3 1.7B,true,-11.2643,0.0,26.0234,0.0,8.4,6.5502,4.769,35.5556,4.2824,26.8707,0.0,,,,30.7937,38.6667,347,366,287,364,365,358,341,427,465,381,167,,,,216,160
Qwen2.5 Instruct 32B,Qwen2.5 Instruct 32B,false,,,,,,,3.8376,46.5657,22.9167,,,,,,24.7619,,,,,,,,444,376,356,,,,,,252,
Qwen3 Max,Qwen3 Max,false,26.8996,20.4545,74.269,46.6667,24.4333,10.6087,11.0751,76.3636,38.3102,44.1497,0.0,,,,76.7196,80.6667,124,159,137,172,116,296,150,155,144,207,167,,,,42,62
Qwen3 14B,Qwen3 14B,false,-1.4375,5.303,32.1637,0.0,12.7333,8.1933,4.2101,46.9697,26.5046,23.9456,0.0,,,,28.0423,58.0,275,275,246,364,321,340,410,374,318,398,167,,,,233,118
Qwen3 30B A3B 2507 [R],Qwen3 30B A3B 2507,true,7.9815,5.303,28.0702,59.0,16.2333,12.7338,9.7776,70.7071,33.3333,50.6803,0.2857,,,,70.6878,56.3333,223,275,268,105,249,266,170,212,226,159,132,,,,66,124
QwQ 32B-Preview [R],QwQ 32B-Preview,true,,,,,,,4.769,55.6566,3.8194,,,,,,33.6508,,,,,,,,341,325,470,,,,,,202,
Qwen3 4B 2507,Qwen3 4B 2507,false,-9.7251,4.5455,26.6082,7.3333,10.3167,22.0033,4.7266,51.7172,18.0556,33.5374,0.0,,,,37.672,52.3333,324,282,280,333,348,152,348,343,394,324,167,,,,189,134
Qwen3 30B A3B 2507,Qwen3 30B A3B 2507,false,0.7749,6.0606,10.2339,22.6667,15.1,4.574,6.8119,65.8586,30.4398,33.0612,0.0,,,,51.5344,66.3333,254,264,391,266,280,382,228,254,257,331,167,,,,142,102
Qwen Chat 72B,Qwen Chat 72B,false,,,,,,,,,,,,,,,,,,,,,,,,,,,,,,,,
Qwen3 VL 8B,Qwen3 VL 8B,false,9.13,2.2727,29.2398,15.3333,20.15,9.5805,2.873,42.7273,17.3611,32.3129,0.0,,,47.341,33.2275,27.3333,212,319,262,303,175,316,490,393,400,340,167,,,164,206,188
Qwen3 VL 4B,Qwen3 VL 4B,false,-7.9074,0.0,23.3918,13.0,10.35,3.8855,3.6608,37.0707,13.6574,31.8367,0.0,,,43.8728,28.9947,37.0,310,366,305,313,345,391,459,421,419,346,167,,,173,228,165
Qwen3 VL 4B [R],Qwen3 VL 4B,true,13.7773,1.5152,15.4971,21.3333,12.1667,7.1917,4.3559,49.3939,17.1296,36.5986,0.0,,,52.0231,31.9577,25.6667,188,339,361,272,329,352,389,359,403,294,167,,,150,210,194
Qwen2.5 Coder 7B ,Qwen2.5 Coder 7B ,false,,,,,,,4.8063,33.9394,14.8148,,,,,,12.5926,,,,,,,,337,433,415,,,,,,299,
Qwen3 30B,Qwen3 30B,false,-8.5189,6.8182,22.2222,0.0,11.65,13.1673,4.5992,51.5152,26.3889,31.9048,0.0,,,,32.1693,21.6667,315,247,316,364,334,256,362,348,320,343,167,,,,208,204
Qwen3.5 27B,Qwen3.5 27B,false,33.023,31.8182,87.1345,55.6667,15.7333,25.8505,13.2067,84.2424,36.6898,46.9388,0.2857,,,70.0,,,92,93,81,127,263,124,122,73,172,184,132,,,68,,
Qwen3 Max (Preview),Qwen3 Max (Preview),false,15.8359,19.697,32.7485,39.6667,24.2833,14.3297,9.3142,76.3636,37.037,48.0272,0.8571,,,,65.0794,75.0,177,162,243,199,119,240,180,155,166,175,99,,,,96,78
Qwen3 Max Thinking [R],Qwen3 Max Thinking,true,31.8293,24.2424,83.6257,66.0,29.9167,8.2045,26.1816,86.0606,43.0556,70.7483,1.7143,,,,,,96,138,108,52,64,339,49,50,65,60,69,,,,,
Qwen3.6 Max Preview [R],Qwen3.6 Max Preview,true,50.2047,43.9394,95.9064,69.6667,37.7167,55.8202,28.8693,88.7879,46.875,76.5986,3.7061,,,,,,23,26,14,23,41,42,34,27,36,20,47,,,,,
Ling-1T,Ling-1T,false,-4.9463,10.6061,32.7485,34.6667,19.85,6.0096,7.1826,71.9192,35.1852,34.7619,0.5714,,,,67.7249,71.3333,288,217,243,217,180,367,218,200,204,309,115,,,,84,91
Ring-1T [R],Ring-1T,true,9.3361,6.8182,26.3158,45.6667,19.8,15.6276,10.241,77.3737,36.6898,44.5578,0.5714,,,,64.3386,89.3333,211,247,286,176,181,222,162,143,172,200,115,,,,99,30
Ling-flash-2.0,Ling-flash-2.0,false,-4.045,10.6061,20.7602,15.0,14.0,10.0388,6.3021,65.6566,28.9352,34.3537,0.0,,,,58.9418,65.3333,284,217,331,304,301,308,247,256,277,315,167,,,,121,104
Seed-OSS-36B-Instruct [R],Seed-OSS-36B-Instruct,true,12.9488,6.8182,49.4152,57.6667,17.75,16.5957,9.1288,72.6263,36.4583,41.9048,0.0,,,,76.5079,84.6667,192,247,194,118,215,207,184,195,180,232,167,,,,44,48
